"Date","Open","High","Low","Close"
"30 Jun 2017","3794.3","3835.9","3776.3","3827.40"
"29 Jun 2017","3788.25","3820.6","3787.15","3803.00"
"28 Jun 2017","3751.05","3780.75","3730","3773.20"
"27 Jun 2017","3817.65","3821.8","3737.2","3762.30"
"23 Jun 2017","3886.9","3887.7","3789.65","3813.50"
"22 Jun 2017","3928.25","3937.85","3873.1","3880.80"
"21 Jun 2017","3927.5","3947.8","3912.6","3917.00"
"20 Jun 2017","3936.15","3953.05","3919.15","3925.80"
"19 Jun 2017","3952.7","3956.3","3921.8","3926.80"
"16 Jun 2017","3937.8","3958.45","3918.25","3930.90"
"15 Jun 2017","3917.8","3942.1","3912.95","3930.60"
"14 Jun 2017","3924.4","3928.7","3887.75","3922.00"
"13 Jun 2017","3932.7","3963.6","3914.25","3925.40"
"12 Jun 2017","3956.55","3964.85","3917.65","3924.70"
"09 Jun 2017","3949.25","3968.35","3926.2","3963.60"
"08 Jun 2017","3963.65","3967.65","3940.85","3947.60"
"07 Jun 2017","3924.95","3948.45","3919.75","3943.20"
"06 Jun 2017","3970.45","3974.1","3892.15","3917.50"
"05 Jun 2017","3990.5","3996.4","3967.75","3972.00"
"02 Jun 2017","3992.35","4002.75","3967.15","3983.10"
"01 Jun 2017","3902.5","3967.55","3901.55","3963.00"
"31 May 2017","3865.05","3906.9","3865.05","3899.70"
"30 May 2017","3795","3861.05","3771.9","3850.40"
"29 May 2017","3849.1","3861.15","3776.25","3804.80"
"26 May 2017","3797.4","3873.4","3793.75","3852.30"
"25 May 2017","3736.3","3813.9","3724.1","3796.50"
"24 May 2017","3752.5","3771.25","3688.45","3720.60"
"23 May 2017","3801.5","3804.9","3681.55","3737.30"
"22 May 2017","3876.05","3893.45","3792.15","3802.60"
"19 May 2017","3906.2","3943.35","3815.95","3861.20"
"18 May 2017","3968.95","3993.3","3883.7","3891.40"
"17 May 2017","3996.95","3998.15","3971.9","3994.50"
"16 May 2017","3973.45","3999.3","3965.55","3996.20"
"15 May 2017","3949.8","3977.05","3945.6","3969.50"
"12 May 2017","3981.9","3984.4","3922.5","3940.70"
"11 May 2017","3957.9","3992.65","3953.75","3967.30"
"10 May 2017","3931.65","3965","3930.95","3944.50"
"09 May 2017","3948.45","3952.3","3920.4","3924.00"
"08 May 2017","3944.65","3957.75","3933.75","3943.10"
"05 May 2017","3981.35","4013.85","3915.45","3932.50"
"04 May 2017","3990.65","4003.15","3971.6","3984.80"
"03 May 2017","4006.1","4019.2","3963.65","3973.50"
"02 May 2017","3994.85","4012.65","3962.35","3997.60"
"28 Apr 2017","3953.25","3993.5","3943.95","3983.90"
"27 Apr 2017","3963.9","3976.6","3942.9","3949.10"
"26 Apr 2017","3954.55","3965.85","3898.85","3948.50"
"25 Apr 2017","3949.95","3955.1","3923.45","3944.60"
"24 Apr 2017","3890.05","3924.9","3872.2","3920.30"
"21 Apr 2017","3886","3908.2","3852.55","3871.80"
"20 Apr 2017","3827.5","3876.95","3823.15","3873.50"
"19 Apr 2017","3771.35","3819.05","3766.75","3813.00"
"18 Apr 2017","3793.6","3841.65","3763.55","3770.60"
"17 Apr 2017","3769.55","3787.7","3746.3","3783.70"
"13 Apr 2017","3778.4","3793.45","3764.3","3771.30"
"12 Apr 2017","3818.8","3824","3733.95","3776.00"
"11 Apr 2017","3783.2","3814.6","3781.65","3811.60"
"10 Apr 2017","3753.7","3790.1","3742.5","3779.40"
"07 Apr 2017","3759.05","3791.6","3737.65","3748.30"
"06 Apr 2017","3762.85","3780.9","3747.95","3776.60"
"05 Apr 2017","3756.05","3770.3","3745.15","3764.60"
"03 Apr 2017","3723.3","3750.55","3717.65","3748.20"
"31 Mar 2017","3695.65","3723.8","3689.75","3710.10"
"30 Mar 2017","3697.1","3727.25","3677.4","3691.20"
"29 Mar 2017","3667.75","3704.15","3655.3","3691.50"
"28 Mar 2017","3651","3668.7","3646.05","3652.50"
"27 Mar 2017","3630.05","3638.9","3601.75","3635.80"
"24 Mar 2017","3608.75","3641.15","3604.1","3628.60"
"23 Mar 2017","3581.6","3601.9","3572.9","3596.80"
"22 Mar 2017","3597.95","3604.75","3561.5","3567.40"
"21 Mar 2017","3649.35","3650.45","3606.35","3625.00"
"20 Mar 2017","3627.15","3646.65","3610.85","3640.40"
"17 Mar 2017","3607.8","3622.8","3588.65","3617.10"
"16 Mar 2017","3566.2","3598.8","3562.15","3596.20"
"15 Mar 2017","3523.2","3561.25","3512.25","3547.60"
"14 Mar 2017","3524.2","3525.6","3489.5","3510.40"
"10 Mar 2017","3484.3","3501.7","3452.4","3459.00"
"09 Mar 2017","3466.25","3497.4","3458.25","3478.50"
"08 Mar 2017","3515.35","3518","3449.95","3475.40"
"07 Mar 2017","3540.1","3544.1","3509.7","3515.30"
"06 Mar 2017","3496.15","3535.2","3489.3","3531.90"
"03 Mar 2017","3450.45","3491.1","3445.15","3486.10"
"02 Mar 2017","3515.3","3536.55","3446.85","3453.90"
"01 Mar 2017","3501.85","3520.65","3496.55","3504.40"
"28 Feb 2017","3490.05","3497.95","3474.95","3493.30"
"27 Feb 2017","3456","3499","3454.95","3481.70"
"23 Feb 2017","3475.4","3487.75","3469.45","3474.60"
"22 Feb 2017","3513.05","3518.85","3464.5","3471.90"
"21 Feb 2017","3463.4","3501.55","3459.85","3495.40"
"20 Feb 2017","3442.3","3461.5","3432.1","3453.30"
"17 Feb 2017","3440.45","3449.1","3410.95","3442.50"
"16 Feb 2017","3373.85","3431.2","3358.45","3421.80"
"15 Feb 2017","3440.45","3440.45","3359.95","3366.20"
"14 Feb 2017","3424.4","3436.85","3396.15","3431.10"
"13 Feb 2017","3457.3","3464.3","3380.5","3415.70"
"10 Feb 2017","3482.7","3485.1","3443","3453.50"
"09 Feb 2017","3445.95","3472.3","3418.45","3465.40"
"08 Feb 2017","3430","3439.6","3391.7","3432.60"
"07 Feb 2017","3454.15","3468.2","3392.65","3415.30"
"06 Feb 2017","3437.85","3463","3429.8","3446.60"
"03 Feb 2017","3344","3425.75","3344","3416.30"
"02 Feb 2017","3313.3","3330.4","3301.5","3321.80"
"01 Feb 2017","3227.7","3316.75","3218.55","3309.40"
"31 Jan 2017","3285.9","3286.85","3214.9","3221.10"
"30 Jan 2017","3304.2","3319.3","3283.6","3289.00"
"27 Jan 2017","3276.9","3320.3","3268.55","3307.80"
"25 Jan 2017","3247.95","3275.25","3222.9","3269.20"
"24 Jan 2017","3209.35","3239.7","3182.1","3231.50"
"23 Jan 2017","3176.65","3206.85","3169.05","3199.10"
"20 Jan 2017","3233.45","3249.55","3172.9","3175.80"
"19 Jan 2017","3216.25","3243.05","3209.8","3237.50"
"18 Jan 2017","3217.05","3230.2","3194.7","3207.60"
"17 Jan 2017","3213.65","3236.45","3198.45","3211.00"
"16 Jan 2017","3199.3","3216.4","3182.4","3211.80"
"13 Jan 2017","3203.6","3211.35","3175.4","3200.60"
"12 Jan 2017","3178.35","3195.75","3151.95","3190.90"
"11 Jan 2017","3151","3182.45","3146.7","3175.50"
"10 Jan 2017","3147.6","3150.9","3124.95","3138.20"
"09 Jan 2017","3124.75","3137.7","3112.05","3135.80"
"06 Jan 2017","3139.65","3158.65","3112.15","3118.60"
"05 Jan 2017","3082.45","3122.55","3080.05","3120.90"
"04 Jan 2017","3060.65","3089.55","3055.3","3061.50"
"03 Jan 2017","3032.2","3063.45","3022.4","3056.40"
"02 Jan 2017","3013.9","3040.6","2987.45","3031.70"
"30 Dec 2016","2985.75","3018.5","2982.3","3003.30"
"29 Dec 2016","2930.75","2989.5","2921.25","2978.40"
"28 Dec 2016","2918.4","2962.65","2914.2","2925.80"
"27 Dec 2016","2869.7","2923","2842.85","2916.30"
"26 Dec 2016","2961.95","2961.95","2863.35","2867.20"
"23 Dec 2016","2974.35","2985.05","2922.85","2969.70"
"22 Dec 2016","2999.25","3000.05","2954.95","2976.20"
"21 Dec 2016","3023.55","3027.8","3003.2","3010.40"
"20 Dec 2016","3075.7","3079.9","2997.7","3010.00"
"19 Dec 2016","3069.6","3088","3062.2","3071.20"
"16 Dec 2016","3110","3112.05","3063.9","3069.20"
"15 Dec 2016","3053.15","3121.2","3050.6","3102.00"
"14 Dec 2016","3111.35","3121.45","3084.6","3091.30"
"13 Dec 2016","3110.25","3122.8","3077.35","3101.90"
"12 Dec 2016","3163","3163.7","3092.8","3104.70"
"09 Dec 2016","3154.95","3175.25","3143.1","3169.40"
"08 Dec 2016","3110.95","3141.8","3106.25","3138.10"
"07 Dec 2016","3095.6","3105.45","3044.85","3080.80"
"06 Dec 2016","3100.95","3112.45","3079.95","3084.20"
"05 Dec 2016","3057.9","3082.5","3043.55","3077.20"
"02 Dec 2016","3080.05","3097.9","3040.25","3048.80"
"01 Dec 2016","3182.3","3185","3105.05","3109.30"
"30 Nov 2016","3127.3","3175","3122.85","3168.10"
"29 Nov 2016","3086.6","3126.35","3080.5","3107.70"
"28 Nov 2016","3061.25","3096.85","3052.7","3077.80"
"25 Nov 2016","3041.8","3077.8","3026.9","3073.10"
"24 Nov 2016","3027.6","3048.4","3004.8","3029.80"
"23 Nov 2016","3028.25","3051.6","2991.65","3046.70"
"22 Nov 2016","2974","3014.8","2947.4","3001.90"
"21 Nov 2016","3052.3","3053.35","2937.05","2946.60"
"18 Nov 2016","3043.8","3054.8","3013.6","3039.50"
"17 Nov 2016","3024.75","3046.65","2991.05","3012.20"
"16 Nov 2016","3072.8","3089.65","2993.4","3028.40"
"15 Nov 2016","3131.3","3131.3","2977.9","3033.50"
"11 Nov 2016","3235.8","3264.95","3117.25","3126.60"
"10 Nov 2016","3238.65","3311.25","3231.3","3283.20"
"09 Nov 2016","3008.25","3198.5","2914.2","3175.10"
"08 Nov 2016","3251.85","3259.1","3208.1","3238.00"
"07 Nov 2016","3250.3","3272.45","3228.15","3238.50"
"04 Nov 2016","3273","3278.45","3178.6","3213.30"
"03 Nov 2016","3302.2","3333","3266.15","3274.60"
"02 Nov 2016","3353.25","3353.9","3300.85","3308.40"
"01 Nov 2016","3426.25","3433","3385.8","3390.00"
"30 Oct 2016","3438.75","3438.75","3412.65","3419.20"
"28 Oct 2016","3395.4","3423.75","3378.05","3417.90"
"27 Oct 2016","3371.25","3395.75","3331.95","3376.90"
"26 Oct 2016","3410.55","3446.9","3360.2","3383.60"
"25 Oct 2016","3422.75","3434.35","3408.5","3429.50"
"24 Oct 2016","3461.85","3469.55","3428.6","3433.70"
"21 Oct 2016","3431.6","3450.9","3406","3447.60"
"20 Oct 2016","3429","3451.5","3413.2","3427.20"
"19 Oct 2016","3449.7","3451.4","3403.5","3411.80"
"18 Oct 2016","3394.85","3443.45","3392.75","3439.20"
"17 Oct 2016","3451.1","3456.15","3368.85","3379.20"
"14 Oct 2016","3407.55","3446.75","3398.7","3441.20"
"13 Oct 2016","3430.5","3436.5","3358.9","3391.60"
"10 Oct 2016","3463.65","3474.4","3435.05","3443.10"
"07 Oct 2016","3434.4","3458.6","3419.15","3448.70"
"06 Oct 2016","3470.25","3493.75","3413.95","3435.50"
"05 Oct 2016","3459.95","3478.4","3427.3","3458.10"
"04 Oct 2016","3407.85","3453","3396.3","3440.80"
"03 Oct 2016","3297.85","3392.85","3292.05","3385.40"
"30 Sep 2016","3168.35","3277.25","3164.85","3268.30"
"29 Sep 2016","3330.25","3341.4","3150.85","3178.30"
"28 Sep 2016","3263.95","3318.05","3259.8","3306.90"
"27 Sep 2016","3283.2","3294.5","3255.8","3260.80"
"26 Sep 2016","3272.45","3297.9","3262.3","3271.30"
"23 Sep 2016","3314","3315.6","3279.6","3284.00"
"22 Sep 2016","3281.5","3309","3271.9","3304.50"
"21 Sep 2016","3252.9","3265.9","3227.5","3232.50"
"20 Sep 2016","3277.55","3281.7","3239.7","3245.40"
"19 Sep 2016","3259.4","3273.3","3241.95","3266.90"
"16 Sep 2016","3270.4","3308.4","3223.05","3244.10"
"15 Sep 2016","3227.85","3245.35","3193.4","3239.90"
"14 Sep 2016","3167.3","3230.85","3164.6","3225.90"
"12 Sep 2016","3203.65","3221.3","3153.1","3162.40"
"09 Sep 2016","3319.45","3325.8","3276.95","3283.70"
"08 Sep 2016","3287.15","3320.5","3279.1","3313.50"
"07 Sep 2016","3265.3","3309.5","3242.5","3284.40"
"06 Sep 2016","3241.25","3262.85","3230.95","3261.10"
"02 Sep 2016","3205.65","3224.95","3200.05","3221.70"
"01 Sep 2016","3219.9","3232.5","3178.95","3191.80"
"31 Aug 2016","3226.85","3249.05","3210","3216.40"
"30 Aug 2016","3184.95","3224.15","3182.55","3220.60"
"29 Aug 2016","3121.45","3171.2","3102.25","3162.20"
"26 Aug 2016","3132.7","3139.1","3106.45","3125.50"
"25 Aug 2016","3139.65","3149.7","3113.45","3129.50"
"24 Aug 2016","3107.9","3131","3104.8","3127.80"
"23 Aug 2016","3105.5","3112.15","3080.7","3102.30"
"22 Aug 2016","3141.8","3149.6","3094.85","3103.50"
"19 Aug 2016","3113.85","3149.55","3112.4","3140.80"
"18 Aug 2016","3102.75","3112.1","3091.35","3102.90"
"17 Aug 2016","3054.55","3093.45","3050.6","3086.20"
"16 Aug 2016","3038.15","3055.7","3021.4","3052.50"
"12 Aug 2016","3021.65","3053.45","3016.3","3035.10"
"11 Aug 2016","3018.95","3037.1","2971.85","3015.10"
"10 Aug 2016","3069.25","3074.2","2998.8","3019.60"
"09 Aug 2016","3055.7","3074.15","3036.8","3062.80"
"08 Aug 2016","3062.25","3069.75","3037.65","3056.20"
"05 Aug 2016","3046.55","3069.2","3046.15","3066.40"
"04 Aug 2016","3028.25","3040.9","2991.95","3030.30"
"03 Aug 2016","3052.75","3061","2988.65","2997.70"
"02 Aug 2016","3078.7","3089.55","3037.4","3059.70"
"01 Aug 2016","3040.15","3070.75","3009.1","3062.60"
"29 Jul 2016","2996.1","3045.55","2993.7","3025.50"
"28 Jul 2016","2990.5","3017.05","2990.2","2993.00"
"27 Jul 2016","2979.8","3007.45","2949.55","2987.50"
"26 Jul 2016","2996.4","3042.9","2960.45","2969.40"
"25 Jul 2016","2950.8","2997.8","2935.45","2995.50"
"22 Jul 2016","2929.75","2970.15","2925.65","2950.30"
"21 Jul 2016","2978.35","2994.8","2924.85","2930.80"
"20 Jul 2016","2934.4","2971.35","2934.4","2966.90"
"19 Jul 2016","2939.65","2939.65","2902.8","2928.50"
"18 Jul 2016","2968.65","2983.5","2922.7","2927.20"
"15 Jul 2016","2979","2991.2","2948.1","2951.70"
"14 Jul 2016","2963.5","2972.95","2951","2968.20"
"13 Jul 2016","2990.3","2994.45","2943.05","2967.40"
"12 Jul 2016","2978.25","2980.75","2952.75","2975.60"
"11 Jul 2016","2961.95","2972.35","2956.75","2965.10"
"08 Jul 2016","2948.95","2952.3","2906.5","2930.20"
"07 Jul 2016","2972.55","2979.15","2936.6","2940.10"
"05 Jul 2016","2962.2","2977.25","2951.3","2968.80"
"04 Jul 2016","2946.2","2974.55","2946.2","2962.10"
"01 Jul 2016","2890.05","2946.3","2890.05","2930.70"
"30 Jun 2016","2853.3","2884.6","2847.35","2878.60"
"29 Jun 2016","2812.85","2843.95","2810.05","2830.20"
"28 Jun 2016","2809.75","2818.9","2793.25","2799.20"
"27 Jun 2016","2745","2803.45","2745","2789.20"
"24 Jun 2016","2728.95","2766","2665.1","2762.80"
"23 Jun 2016","2798","2814.1","2783.55","2810.30"
"22 Jun 2016","2835.7","2841.85","2792.7","2805.60"
"21 Jun 2016","2837.7","2849.7","2825.95","2829.20"
"20 Jun 2016","2771.45","2828.65","2765.8","2825.50"
"17 Jun 2016","2815.55","2823.65","2769.9","2796.30"
"16 Jun 2016","2815.9","2823","2766.85","2799.60"
"15 Jun 2016","2818.4","2830.5","2807.25","2821.40"
"14 Jun 2016","2778.1","2806.25","2778.1","2802.20"
"13 Jun 2016","2760.5","2776.4","2741.25","2770.70"
"10 Jun 2016","2799.35","2828.3","2781.15","2784.00"
"09 Jun 2016","2838.5","2843.35","2793.85","2804.40"
"08 Jun 2016","2799.1","2837.15","2799.05","2831.80"
"07 Jun 2016","2785.4","2806.9","2773.55","2796.80"
"06 Jun 2016","2768.25","2781.35","2755.65","2775.30"
"03 Jun 2016","2805.65","2820.1","2761.7","2765.90"
"02 Jun 2016","2766.75","2797.3","2748.9","2793.50"
"01 Jun 2016","2799.95","2811.75","2756.3","2764.50"
"31 May 2016","2811.5","2814.15","2774.75","2798.50"
"30 May 2016","2812.8","2826.45","2786.3","2812.70"
"27 May 2016","2783.8","2815.1","2781.2","2801.50"
"26 May 2016","2748.1","2782.85","2743.1","2774.60"
"25 May 2016","2705.1","2741.05","2698.35","2739.10"
"24 May 2016","2683","2689.1","2660.2","2679.20"
"23 May 2016","2721.55","2723.4","2680.35","2684.30"
"20 May 2016","2686.3","2722.2","2686.3","2705.70"
"19 May 2016","2757.3","2757.3","2673.7","2681.50"
"18 May 2016","2734.7","2753.8","2729.65","2750.50"
"17 May 2016","2714.2","2740.6","2706.2","2732.30"
"16 May 2016","2709.5","2716.45","2683.25","2697.40"
"13 May 2016","2703.3","2726.3","2697.15","2708.90"
"12 May 2016","2699","2708.2","2676.4","2703.60"
"11 May 2016","2646.95","2712.35","2646.95","2687.90"
"10 May 2016","2704.55","2708.15","2682.8","2698.10"
"09 May 2016","2677.75","2705.8","2672.6","2702.10"
"06 May 2016","2628.75","2669.75","2618.85","2665.40"
"05 May 2016","2636.3","2649.05","2615.6","2633.70"
"04 May 2016","2657.5","2674.6","2619","2626.30"
"03 May 2016","2721.75","2747.75","2657.15","2665.60"
"02 May 2016","2696.2","2728.35","2678.15","2709.30"
"29 Apr 2016","2715.35","2729.35","2668.9","2704.20"
"28 Apr 2016","2773.45","2777.95","2707.9","2713.00"
"27 Apr 2016","2764.75","2782.6","2755.85","2765.40"
"26 Apr 2016","2711.65","2765.15","2704.15","2761.20"
"25 Apr 2016","2730.2","2738.05","2700.6","2716.80"
"22 Apr 2016","2667.15","2719.3","2663.4","2710.80"
"21 Apr 2016","2714.35","2728.75","2664.5","2676.20"
"20 Apr 2016","2692.15","2715.9","2680.8","2700.00"
"18 Apr 2016","2653","2684.85","2620.85","2678.00"
"13 Apr 2016","2645.25","2670.7","2643.2","2651.90"
"12 Apr 2016","2588.2","2625.1","2583","2613.80"
"11 Apr 2016","2550.65","2585.25","2547.35","2583.20"
"08 Apr 2016","2517.45","2546.45","2511.5","2543.40"
"07 Apr 2016","2537.1","2553.8","2506.4","2517.00"
"06 Apr 2016","2523.7","2540.5","2506.25","2533.50"
"05 Apr 2016","2596.45","2600.15","2520.4","2525.30"
"04 Apr 2016","2616.65","2624.95","2588.1","2601.60"
"01 Apr 2016","2584.65","2608.8","2573.1","2606.70"
"31 Mar 2016","2561.05","2593","2552.55","2580.90"
"30 Mar 2016","2510.1","2558.65","2507.5","2552.40"
"29 Mar 2016","2506.3","2516.25","2485.9","2492.40"
"28 Mar 2016","2552.4","2552.85","2501.7","2508.10"
"23 Mar 2016","2560.9","2566.35","2535.1","2541.30"
"22 Mar 2016","2554","2573.2","2537","2557.50"
"21 Mar 2016","2511.55","2553.05","2505.95","2549.60"
"18 Mar 2016","2489.7","2503.25","2462.95","2498.60"
"17 Mar 2016","2486.2","2503.5","2469.55","2480.60"
"16 Mar 2016","2460.4","2466.5","2415.2","2459.20"
"15 Mar 2016","2477.35","2482.05","2452.8","2460.30"
"14 Mar 2016","2472.3","2482.1","2454.2","2468.70"
"11 Mar 2016","","","","2452.40"
"10 Mar 2016","","","","2442.70"
"09 Mar 2016","","","","2467.80"
"08 Mar 2016","","","","2445.20"
"04 Mar 2016","","","","2465.50"
"03 Mar 2016","","","","2408.00"
"02 Mar 2016","","","","2400.50"
"01 Mar 2016","","","","2328.60"
"29 Feb 2016","","","","2253.70"
"26 Feb 2016","","","","2252.30"
"25 Feb 2016","","","","2242.80"
"24 Feb 2016","","","","2260.70"
"23 Feb 2016","","","","2267.70"
"22 Feb 2016","","","","2320.00"
"19 Feb 2016","","","","2310.20"
"18 Feb 2016","","","","2301.50"
"17 Feb 2016","","","","2302.50"
"16 Feb 2016","","","","2278.00"
"15 Feb 2016","","","","2353.70"
"12 Feb 2016","","","","2249.30"
"11 Feb 2016","","","","2280.00"
"10 Feb 2016","","","","2405.20"
"09 Feb 2016","","","","2474.20"
"08 Feb 2016","","","","2535.90"
"05 Feb 2016","","","","2507.20"
"04 Feb 2016","","","","2447.00"
"03 Feb 2016","","","","2461.00"
"02 Feb 2016","","","","2523.20"
"01 Feb 2016","","","","2574.90"
"29 Jan 2016","","","","2571.30"
"28 Jan 2016","","","","2522.70"
"27 Jan 2016","","","","2517.60"
"25 Jan 2016","","","","2511.20"
"22 Jan 2016","","","","2506.30"
"21 Jan 2016","","","","2440.20"
"20 Jan 2016","","","","2486.10"
"19 Jan 2016","","","","2538.20"
"18 Jan 2016","","","","2506.60"
"15 Jan 2016","","","","2631.50"
"14 Jan 2016","","","","2728.60"
"13 Jan 2016","","","","2748.20"
"12 Jan 2016","","","","2761.40"
"11 Jan 2016","","","","2794.40"
"08 Jan 2016","","","","2820.90"
"07 Jan 2016","","","","2774.00"
"06 Jan 2016","","","","2891.80"
"05 Jan 2016","","","","2907.40"
"04 Jan 2016","","","","2892.60"
"01 Jan 2016","","","","2940.70"
"31 Dec 2015","","","","2905.90"
"30 Dec 2015","","","","2897.20"
"29 Dec 2015","","","","2896.90"
"28 Dec 2015","","","","2889.80"
"24 Dec 2015","","","","2894.10"
"23 Dec 2015","","","","2884.80"
"22 Dec 2015","","","","2877.50"
"21 Dec 2015","","","","2890.50"
"18 Dec 2015","","","","2859.30"
"17 Dec 2015","","","","2853.70"
"16 Dec 2015","","","","2800.00"
"15 Dec 2015","","","","2778.30"
"14 Dec 2015","","","","2773.90"
"11 Dec 2015","","","","2763.30"
"10 Dec 2015","","","","2771.90"
"09 Dec 2015","","","","2764.10"
"08 Dec 2015","","","","2813.80"
"07 Dec 2015","","","","2874.10"
"04 Dec 2015","","","","2863.40"
"03 Dec 2015","","","","2893.60"
"02 Dec 2015","","","","2907.20"
"01 Dec 2015","","","","2923.10"
"30 Nov 2015","","","","2919.90"
"27 Nov 2015","","","","2887.30"
"26 Nov 2015","","","","2874.20"
"24 Nov 2015","","","","2850.80"
"23 Nov 2015","","","","2857.00"
"20 Nov 2015","","","","2871.20"
"19 Nov 2015","","","","2834.50"
"18 Nov 2015","","","","2800.00"
"17 Nov 2015","","","","2836.60"
"16 Nov 2015","","","","2836.60"
"13 Nov 2015","","","","2809.90"
"11 Nov 2015","","","","2818.80"
"10 Nov 2015","","","","2788.20"
"09 Nov 2015","","","","2855.00"
"06 Nov 2015","","","","2838.20"
"05 Nov 2015","","","","2898.80"
"04 Nov 2015","","","","2930.00"
"03 Nov 2015","","","","2914.40"
"02 Nov 2015","","","","2896.00"
"30 Oct 2015","","","","2893.20"
"29 Oct 2015","","","","2881.00"
"28 Oct 2015","","","","2924.30"
"27 Oct 2015","","","","2956.40"
"26 Oct 2015","","","","2951.40"
"23 Oct 2015","","","","2991.80"
"21 Oct 2015","","","","2996.80"
"20 Oct 2015","","","","3016.40"
"19 Oct 2015","","","","2986.30"
"16 Oct 2015","","","","2961.10"
"15 Oct 2015","","","","2945.80"
"14 Oct 2015","","","","2919.60"
"13 Oct 2015","","","","2948.50"
"12 Oct 2015","","","","2950.60"
"09 Oct 2015","","","","2938.90"
"08 Oct 2015","","","","2946.20"
"07 Oct 2015","","","","2982.70"
"06 Oct 2015","","","","2995.40"
"05 Oct 2015","","","","2993.80"
"01 Oct 2015","","","","2896.90"
"30 Sep 2015","","","","2910.70"
"29 Sep 2015","","","","2861.50"
"28 Sep 2015","","","","2860.60"
"24 Sep 2015","","","","2876.50"
"23 Sep 2015","","","","2880.30"
"22 Sep 2015","","","","2872.70"
"21 Sep 2015","","","","2914.50"
"18 Sep 2015","","","","2869.40"
"16 Sep 2015","","","","2851.30"
"15 Sep 2015","","","","2843.30"
"14 Sep 2015","","","","2865.20"
"11 Sep 2015","","","","2812.20"
"10 Sep 2015","","","","2825.40"
"09 Sep 2015","","","","2831.90"
"08 Sep 2015","","","","2762.60"
"07 Sep 2015","","","","2704.80"
"04 Sep 2015","","","","2752.50"
"03 Sep 2015","","","","2842.50"
"02 Sep 2015","","","","2792.90"
"01 Sep 2015","","","","2860.20"
"31 Aug 2015","","","","2949.30"
"28 Aug 2015","","","","2944.50"
"27 Aug 2015","","","","2969.10"
"26 Aug 2015","","","","2882.30"
"25 Aug 2015","","","","2888.50"
"24 Aug 2015","","","","2775.10"
"21 Aug 2015","","","","3095.80"
"20 Aug 2015","","","","3118.40"
"19 Aug 2015","","","","3174.00"
"18 Aug 2015","","","","3189.90"
"17 Aug 2015","","","","3153.70"
"14 Aug 2015","","","","3129.00"
"13 Aug 2015","","","","3052.30"
"12 Aug 2015","","","","3046.60"
"11 Aug 2015","","","","3184.30"
"10 Aug 2015","","","","3216.90"
"07 Aug 2015","","","","3219.40"
"06 Aug 2015","","","","3214.30"
"05 Aug 2015","","","","3196.50"
"04 Aug 2015","","","","3192.70"
"03 Aug 2015","","","","3127.20"
"31 Jul 2015","","","","3104.90"
"30 Jul 2015","","","","3072.00"
"29 Jul 2015","","","","3040.20"
"28 Jul 2015","","","","3070.20"
"27 Jul 2015","","","","3095.50"
"24 Jul 2015","","","","3140.20"
"23 Jul 2015","","","","3158.50"
"22 Jul 2015","","","","3144.10"
"21 Jul 2015","","","","3076.90"
"20 Jul 2015","","","","3147.30"
"17 Jul 2015","","","","3151.20"
"16 Jul 2015","","","","3141.70"
"15 Jul 2015","","","","3080.30"
"14 Jul 2015","","","","3089.00"
"13 Jul 2015","","","","3068.50"
"10 Jul 2015","","","","3028.80"
"09 Jul 2015","","","","3023.90"
"08 Jul 2015","","","","3002.60"
"07 Jul 2015","","","","3037.40"
"06 Jul 2015","","","","3024.50"
"03 Jul 2015","","","","2989.10"
"02 Jul 2015","","","","2986.10"
"01 Jul 2015","","","","2951.70"
"30 Jun 2015","","","","2894.90"
"29 Jun 2015","","","","2877.80"
"26 Jun 2015","","","","2928.60"
"25 Jun 2015","","","","2949.00"
"24 Jun 2015","","","","2942.80"
"23 Jun 2015","","","","2983.60"
"22 Jun 2015","","","","2950.50"
"19 Jun 2015","","","","2900.00"
"18 Jun 2015","","","","2860.00"
"17 Jun 2015","","","","2827.00"
"16 Jun 2015","","","","2791.50"
"15 Jun 2015","","","","2750.70"
"12 Jun 2015","","","","2750.10"
"11 Jun 2015","","","","2739.40"
"10 Jun 2015","","","","2798.70"
"09 Jun 2015","","","","2778.30"
"08 Jun 2015","","","","2786.30"
"05 Jun 2015","","","","2822.70"
"04 Jun 2015","","","","2805.90"
"03 Jun 2015","","","","2827.70"
"02 Jun 2015","","","","2883.70"
"01 Jun 2015","","","","2962.50"
"29 May 2015","","","","2956.00"
"28 May 2015","","","","2929.10"
"27 May 2015","","","","2943.20"
"26 May 2015","","","","2924.10"
"25 May 2015","","","","2940.80"
"22 May 2015","","","","2946.70"
"21 May 2015","","","","2945.60"
"20 May 2015","","","","2954.90"
"19 May 2015","","","","2957.90"
"18 May 2015","","","","2969.20"
"15 May 2015","","","","2937.00"
"14 May 2015","","","","2942.20"
"13 May 2015","","","","2904.90"
"12 May 2015","","","","2848.20"
"11 May 2015","","","","2918.90"
"08 May 2015","","","","2845.70"
"07 May 2015","","","","2796.50"
"06 May 2015","","","","2910.70"
"05 May 2015","","","","3055.00"
"04 May 2015","","","","3044.80"
"30 Apr 2015","","","","2987.00"
"29 Apr 2015","","","","2983.60"
"28 Apr 2015","","","","3003.30"
"27 Apr 2015","","","","2966.30"
"24 Apr 2015","","","","3038.20"
"23 Apr 2015","","","","3093.40"
"22 Apr 2015","","","","3084.30"
"21 Apr 2015","","","","3069.80"
"20 Apr 2015","","","","3097.40"
"17 Apr 2015","","","","3128.90"
"16 Apr 2015","","","","3144.20"
"15 Apr 2015","","","","3190.60"
"13 Apr 2015","","","","3215.10"
"10 Apr 2015","","","","3189.70"
"09 Apr 2015","","","","3152.90"
"08 Apr 2015","","","","3129.20"
"07 Apr 2015","","","","3071.90"
"06 Apr 2015","","","","3087.00"
"01 Apr 2015","","","","3059.80"
"31 Mar 2015","","","","3004.90"
"30 Mar 2015","","","","2999.60"
"27 Mar 2015","","","","2938.10"
"26 Mar 2015","","","","2956.40"
"25 Mar 2015","","","","3005.40"
"24 Mar 2015","","","","3004.20"
"23 Mar 2015","","","","2993.60"
"20 Mar 2015","","","","3042.20"
"19 Mar 2015","","","","3097.40"
"18 Mar 2015","","","","3130.70"
"17 Mar 2015","","","","3118.50"
"16 Mar 2015","","","","3067.30"
"13 Mar 2015","","","","3065.40"
"12 Mar 2015","","","","3153.50"
"11 Mar 2015","","","","3120.40"
"10 Mar 2015","","","","3142.50"
"09 Mar 2015","","","","3166.90"
"05 Mar 2015","","","","3244.30"
"04 Mar 2015","","","","3225.60"
"03 Mar 2015","","","","3295.50"
"02 Mar 2015","","","","3262.80"
"28 Feb 2015","","","","3196.30"
"27 Feb 2015","","","","3239.90"
"26 Feb 2015","","","","3115.00"
"25 Feb 2015","","","","3146.30"
"24 Feb 2015","","","","3166.10"
"23 Feb 2015","","","","3127.60"
"20 Feb 2015","","","","3164.70"
"19 Feb 2015","","","","3146.20"
"18 Feb 2015","","","","3122.90"
"16 Feb 2015","","","","3143.70"
"13 Feb 2015","","","","3154.50"
"12 Feb 2015","","","","3129.30"
"11 Feb 2015","","","","3099.70"
"10 Feb 2015","","","","3041.20"
"09 Feb 2015","","","","2975.50"
"06 Feb 2015","","","","3044.90"
"05 Feb 2015","","","","3079.50"
"04 Feb 2015","","","","3144.20"
"03 Feb 2015","","","","3167.60"
"02 Feb 2015","","","","3264.20"
"30 Jan 2015","","","","3236.90"
"29 Jan 2015","","","","3233.20"
"28 Jan 2015","","","","3208.20"
"27 Jan 2015","","","","3203.90"
"23 Jan 2015","","","","3202.70"
"22 Jan 2015","","","","3138.00"
"21 Jan 2015","","","","3143.20"
"20 Jan 2015","","","","3142.30"
"19 Jan 2015","","","","3141.70"
"16 Jan 2015","","","","3125.60"
"15 Jan 2015","","","","3117.80"
"14 Jan 2015","","","","3049.30"
"13 Jan 2015","","","","3067.80"
"12 Jan 2015","","","","3109.50"
"09 Jan 2015","","","","3106.80"
"08 Jan 2015","","","","3121.50"
"07 Jan 2015","","","","3030.60"
"06 Jan 2015","","","","3042.40"
"05 Jan 2015","","","","3148.70"
"02 Jan 2015","","","","3135.70"
"01 Jan 2015","","","","3112.00"
"31 Dec 2014","","","","3097.00"
"30 Dec 2014","","","","3080.80"
"29 Dec 2014","","","","3024.60"
"26 Dec 2014","","","","3011.70"
"24 Dec 2014","","","","2967.90"
"23 Dec 2014","","","","2981.40"
"22 Dec 2014","","","","3013.80"
"19 Dec 2014","","","","2986.80"
"18 Dec 2014","","","","2974.50"
"17 Dec 2014","","","","2856.90"
"16 Dec 2014","","","","2837.70"
"15 Dec 2014","","","","2947.30"
"12 Dec 2014","","","","2950.80"
"11 Dec 2014","","","","2997.10"
"10 Dec 2014","","","","3018.80"
"09 Dec 2014","","","","2946.30"
"08 Dec 2014","","","","3016.00"
"05 Dec 2014","","","","3070.20"
"04 Dec 2014","","","","3084.50"
"03 Dec 2014","","","","3101.00"
"02 Dec 2014","","","","3079.20"
"01 Dec 2014","","","","3070.80"
"28 Nov 2014","","","","3090.60"
"27 Nov 2014","","","","3020.80"
"26 Nov 2014","","","","3011.90"
"25 Nov 2014","","","","3011.20"
"24 Nov 2014","","","","3075.30"
"21 Nov 2014","","","","3060.70"
"20 Nov 2014","","","","3047.90"
"19 Nov 2014","","","","3070.40"
"18 Nov 2014","","","","3117.00"
"17 Nov 2014","","","","3087.50"
"14 Nov 2014","","","","3030.40"
"13 Nov 2014","","","","2986.40"
"12 Nov 2014","","","","3030.30"
"11 Nov 2014","","","","3017.30"
"10 Nov 2014","","","","2984.60"
"07 Nov 2014","","","","3011.80"
"05 Nov 2014","","","","2996.60"
"03 Nov 2014","","","","2991.80"
"31 Oct 2014","","","","2950.50"
"30 Oct 2014","","","","2869.30"
"29 Oct 2014","","","","2856.60"
"28 Oct 2014","","","","2836.20"
"27 Oct 2014","","","","2823.50"
"23 Oct 2014","","","","2852.30"
"22 Oct 2014","","","","2840.50"
"21 Oct 2014","","","","2817.70"
"20 Oct 2014","","","","2770.00"
"17 Oct 2014","","","","2715.10"
"16 Oct 2014","","","","2691.80"
"14 Oct 2014","","","","2759.50"
"13 Oct 2014","","","","2733.50"
"10 Oct 2014","","","","2708.60"
"09 Oct 2014","","","","2748.00"
"08 Oct 2014","","","","2672.70"
"07 Oct 2014","","","","2643.00"
"01 Oct 2014","","","","2699.00"
"30 Sep 2014","","","","2706.30"
"29 Sep 2014","","","","2716.30"
"26 Sep 2014","","","","2731.60"
"25 Sep 2014","","","","2645.60"
"24 Sep 2014","","","","2733.80"
"23 Sep 2014","","","","2764.00"
"22 Sep 2014","","","","2863.00"
"19 Sep 2014","","","","2874.30"
"18 Sep 2014","","","","2916.40"
"17 Sep 2014","","","","2833.40"
"16 Sep 2014","","","","2823.90"
"15 Sep 2014","","","","2956.20"
"12 Sep 2014","","","","2946.60"
"11 Sep 2014","","","","2947.80"
"10 Sep 2014","","","","2918.70"
"09 Sep 2014","","","","2949.90"
"08 Sep 2014","","","","2962.30"
"05 Sep 2014","","","","2921.20"
"04 Sep 2014","","","","2908.40"
"03 Sep 2014","","","","2901.60"
"02 Sep 2014","","","","2877.40"
"01 Sep 2014","","","","2876.70"
"28 Aug 2014","","","","2788.20"
"27 Aug 2014","","","","2811.00"
"26 Aug 2014","","","","2834.90"
"25 Aug 2014","","","","2846.90"
"22 Aug 2014","","","","2912.80"
"21 Aug 2014","","","","2906.80"
"20 Aug 2014","","","","2890.10"
"19 Aug 2014","","","","2885.40"
"18 Aug 2014","","","","2852.70"
"14 Aug 2014","","","","2793.40"
"13 Aug 2014","","","","2755.50"
"12 Aug 2014","","","","2817.60"
"11 Aug 2014","","","","2784.30"
"08 Aug 2014","","","","2728.90"
"07 Aug 2014","","","","2813.10"
"06 Aug 2014","","","","2806.30"
"05 Aug 2014","","","","2821.70"
"04 Aug 2014","","","","2813.60"
"01 Aug 2014","","","","2761.30"
"31 Jul 2014","","","","2779.00"
"30 Jul 2014","","","","2786.70"
"28 Jul 2014","","","","2773.70"
"25 Jul 2014","","","","2772.30"
"24 Jul 2014","","","","2853.70"
"23 Jul 2014","","","","2848.50"
"22 Jul 2014","","","","2846.20"
"21 Jul 2014","","","","2848.60"
"18 Jul 2014","","","","2864.50"
"17 Jul 2014","","","","2889.60"
"16 Jul 2014","","","","2845.20"
"15 Jul 2014","","","","2823.10"
"14 Jul 2014","","","","2736.00"
"11 Jul 2014","","","","2694.40"
"10 Jul 2014","","","","2895.40"
"09 Jul 2014","","","","2856.80"
"08 Jul 2014","","","","2892.90"
"07 Jul 2014","","","","3100.10"
"04 Jul 2014","","","","3100.00"
"03 Jul 2014","","","","3083.60"
"02 Jul 2014","","","","3098.50"
"01 Jul 2014","","","","3014.70"
"30 Jun 2014","","","","3008.00"
"27 Jun 2014","","","","2915.40"
"26 Jun 2014","","","","2936.90"
"25 Jun 2014","","","","3002.90"
"24 Jun 2014","","","","2987.90"
"23 Jun 2014","","","","2914.60"
"20 Jun 2014","","","","2890.70"
"19 Jun 2014","","","","2891.00"
"18 Jun 2014","","","","2944.90"
"17 Jun 2014","","","","2988.80"
"16 Jun 2014","","","","2935.20"
"13 Jun 2014","","","","2912.40"
"12 Jun 2014","","","","3044.50"
"11 Jun 2014","","","","3057.50"
"10 Jun 2014","","","","3138.60"
"09 Jun 2014","","","","3201.60"
"06 Jun 2014","","","","3145.30"
"05 Jun 2014","","","","3040.00"
"04 Jun 2014","","","","2992.70"
"03 Jun 2014","","","","2932.20"
"02 Jun 2014","","","","2900.90"
"30 May 2014","","","","2812.10"
"29 May 2014","","","","2814.40"
"28 May 2014","","","","2870.70"
"27 May 2014","","","","2832.70"
"26 May 2014","","","","2914.90"
"23 May 2014","","","","2972.80"
"22 May 2014","","","","2869.50"
"21 May 2014","","","","2833.00"
"20 May 2014","","","","2852.70"
"19 May 2014","","","","2846.20"
"16 May 2014","","","","2647.80"
"15 May 2014","","","","2535.30"
"14 May 2014","","","","2550.30"
"13 May 2014","","","","2467.10"
"12 May 2014","","","","2378.40"
"09 May 2014","","","","2349.30"
"08 May 2014","","","","2269.40"
"07 May 2014","","","","2291.10"
"06 May 2014","","","","2313.30"
"05 May 2014","","","","2291.60"
"02 May 2014","","","","2274.30"
"30 Apr 2014","","","","2260.10"
"29 Apr 2014","","","","2295.90"
"28 Apr 2014","","","","2319.30"
"25 Apr 2014","","","","2320.30"
"23 Apr 2014","","","","2338.10"
"22 Apr 2014","","","","2351.10"
"21 Apr 2014","","","","2353.70"
"17 Apr 2014","","","","2328.90"
"16 Apr 2014","","","","2257.80"
"15 Apr 2014","","","","2274.60"
"11 Apr 2014","","","","2315.90"
"10 Apr 2014","","","","2343.70"
"09 Apr 2014","","","","2254.00"
"07 Apr 2014","","","","2185.10"
"04 Apr 2014","","","","2189.30"
"03 Apr 2014","","","","2171.70"
"02 Apr 2014","","","","2207.20"
"01 Apr 2014","","","","2154.40"
"31 Mar 2014","","","","2174.80"
"28 Mar 2014","","","","2133.40"
"27 Mar 2014","","","","2047.70"
"26 Mar 2014","","","","2037.90"
"25 Mar 2014","","","","2040.00"
"24 Mar 2014","","","","2016.00"
"22 Mar 2014","","","","1994.50"
"21 Mar 2014","","","","1992.90"
"20 Mar 2014","","","","1975.10"
"19 Mar 2014","","","","2014.90"
"18 Mar 2014","","","","2024.90"
"14 Mar 2014","","","","1983.70"
"13 Mar 2014","","","","1967.00"
"12 Mar 2014","","","","1974.20"
"11 Mar 2014","","","","1990.60"
"10 Mar 2014","","","","2002.10"
"07 Mar 2014","","","","1983.20"
"06 Mar 2014","","","","1921.60"
"05 Mar 2014","","","","1882.80"
"04 Mar 2014","","","","1857.40"
"03 Mar 2014","","","","1822.10"
"28 Feb 2014","","","","1827.00"
"26 Feb 2014","","","","1792.10"
"25 Feb 2014","","","","1789.60"
"24 Feb 2014","","","","1801.90"
"21 Feb 2014","","","","1792.60"
"20 Feb 2014","","","","1776.30"
"19 Feb 2014","","","","1786.50"
"18 Feb 2014","","","","1776.20"
"17 Feb 2014","","","","1748.00"
"14 Feb 2014","","","","1737.80"
"13 Feb 2014","","","","1727.10"
"12 Feb 2014","","","","1764.80"
"11 Feb 2014","","","","1774.90"
"10 Feb 2014","","","","1772.70"
"07 Feb 2014","","","","1776.30"
"06 Feb 2014","","","","1767.90"
"05 Feb 2014","","","","1756.90"
"04 Feb 2014","","","","1740.00"
"03 Feb 2014","","","","1730.60"
"31 Jan 2014","","","","1764.50"
"30 Jan 2014","","","","1719.80"
"29 Jan 2014","","","","1770.60"
"28 Jan 2014","","","","1757.00"
"27 Jan 2014","","","","1748.60"
"24 Jan 2014","","","","1809.60"
"23 Jan 2014","","","","1860.80"
"22 Jan 2014","","","","1860.30"
"21 Jan 2014","","","","1857.80"
"20 Jan 2014","","","","1851.90"
"17 Jan 2014","","","","1839.70"
"16 Jan 2014","","","","1865.00"
"15 Jan 2014","","","","1874.10"
"14 Jan 2014","","","","1843.20"
"13 Jan 2014","","","","1848.40"
"10 Jan 2014","","","","1859.80"
"09 Jan 2014","","","","1888.30"
"08 Jan 2014","","","","1905.60"
"07 Jan 2014","","","","1886.90"
"06 Jan 2014","","","","1922.10"
"03 Jan 2014","","","","1926.40"
"02 Jan 2014","","","","1936.50"
"01 Jan 2014","","","","1999.80"
"31 Dec 2013","","","","1985.80"
"30 Dec 2013","","","","1972.50"
"27 Dec 2013","","","","1990.20"
"26 Dec 2013","","","","1977.10"
"24 Dec 2013","","","","1975.10"
"23 Dec 2013","","","","1969.90"
"20 Dec 2013","","","","1942.40"
"19 Dec 2013","","","","1892.80"
"18 Dec 2013","","","","1891.90"
"17 Dec 2013","","","","1855.40"
"16 Dec 2013","","","","1859.90"
"13 Dec 2013","","","","1840.30"
"12 Dec 2013","","","","1872.40"
"11 Dec 2013","","","","1903.80"
"10 Dec 2013","","","","1939.80"
"09 Dec 2013","","","","1957.40"
"06 Dec 2013","","","","1924.10"
"05 Dec 2013","","","","1914.40"
"04 Dec 2013","","","","1876.60"
"03 Dec 2013","","","","1900.80"
"02 Dec 2013","","","","1909.90"
"29 Nov 2013","","","","1899.70"
"28 Nov 2013","","","","1865.90"
"27 Nov 2013","","","","1837.90"
"26 Nov 2013","","","","1848.70"
"25 Nov 2013","","","","1872.90"
"22 Nov 2013","","","","1818.30"
"21 Nov 2013","","","","1814.70"
"20 Nov 2013","","","","1870.70"
"19 Nov 2013","","","","1895.80"
"18 Nov 2013","","","","1899.10"
"14 Nov 2013","","","","1843.50"
"13 Nov 2013","","","","1792.40"
"12 Nov 2013","","","","1813.90"
"11 Nov 2013","","","","1832.50"
"08 Nov 2013","","","","1840.50"
"07 Nov 2013","","","","1817.80"
"06 Nov 2013","","","","1850.50"
"05 Nov 2013","","","","1858.80"
"03 Nov 2013","","","","1825.80"
"01 Nov 2013","","","","1816.00"
"31 Oct 2013","","","","1780.10"
"30 Oct 2013","","","","1744.10"
"29 Oct 2013","","","","1724.80"
"28 Oct 2013","","","","1687.50"
"25 Oct 2013","","","","1707.00"
"24 Oct 2013","","","","1743.80"
"23 Oct 2013","","","","1744.50"
"22 Oct 2013","","","","1743.40"
"21 Oct 2013","","","","1735.10"
"18 Oct 2013","","","","1699.00"
"17 Oct 2013","","","","1661.30"
"15 Oct 2013","","","","1690.10"
"14 Oct 2013","","","","1715.00"
"11 Oct 2013","","","","1711.80"
"10 Oct 2013","","","","1692.20"
"09 Oct 2013","","","","1681.20"
"08 Oct 2013","","","","1650.10"
"07 Oct 2013","","","","1644.40"
"04 Oct 2013","","","","1629.20"
"03 Oct 2013","","","","1614.30"
"01 Oct 2013","","","","1566.90"
"30 Sep 2013","","","","1545.80"
"27 Sep 2013","","","","1575.70"
"26 Sep 2013","","","","1583.70"
"25 Sep 2013","","","","1587.70"
"24 Sep 2013","","","","1586.20"
"23 Sep 2013","","","","1591.00"
"20 Sep 2013","","","","1628.10"
"19 Sep 2013","","","","1638.90"
"18 Sep 2013","","","","1566.90"
"17 Sep 2013","","","","1558.20"
"16 Sep 2013","","","","1561.60"
"13 Sep 2013","","","","1572.30"
"12 Sep 2013","","","","1540.10"
"11 Sep 2013","","","","1561.60"
"10 Sep 2013","","","","1530.80"
"06 Sep 2013","","","","1505.30"
"05 Sep 2013","","","","1491.90"
"04 Sep 2013","","","","1453.00"
"03 Sep 2013","","","","1426.90"
"02 Sep 2013","","","","1485.30"
"30 Aug 2013","","","","1452.30"
"29 Aug 2013","","","","1441.70"
"28 Aug 2013","","","","1430.20"
"27 Aug 2013","","","","1451.70"
"26 Aug 2013","","","","1514.50"
"23 Aug 2013","","","","1516.00"
"22 Aug 2013","","","","1482.80"
"21 Aug 2013","","","","1446.90"
"20 Aug 2013","","","","1474.20"
"19 Aug 2013","","","","1468.10"
"16 Aug 2013","","","","1503.80"
"14 Aug 2013","","","","1583.80"
"13 Aug 2013","","","","1578.70"
"12 Aug 2013","","","","1544.20"
"08 Aug 2013","","","","1514.50"
"07 Aug 2013","","","","1493.80"
"06 Aug 2013","","","","1441.60"
"05 Aug 2013","","","","1480.50"
"02 Aug 2013","","","","1444.70"
"01 Aug 2013","","","","1509.80"
"31 Jul 2013","","","","1537.70"
"30 Jul 2013","","","","1540.60"
"29 Jul 2013","","","","1591.80"
"26 Jul 2013","","","","1614.30"
"25 Jul 2013","","","","1632.90"
"24 Jul 2013","","","","1662.50"
"23 Jul 2013","","","","1713.30"
"22 Jul 2013","","","","1693.40"
"19 Jul 2013","","","","1688.70"
"18 Jul 2013","","","","1704.80"
"17 Jul 2013","","","","1685.20"
"16 Jul 2013","","","","1719.00"
"15 Jul 2013","","","","1776.70"
"12 Jul 2013","","","","1759.60"
"11 Jul 2013","","","","1747.90"
"10 Jul 2013","","","","1725.50"
"09 Jul 2013","","","","1734.80"
"08 Jul 2013","","","","1714.00"
"05 Jul 2013","","","","1719.10"
"04 Jul 2013","","","","1717.70"
"03 Jul 2013","","","","1713.20"
"02 Jul 2013","","","","1789.00"
"01 Jul 2013","","","","1805.50"
"28 Jun 2013","","","","1753.30"
"27 Jun 2013","","","","1680.00"
"26 Jun 2013","","","","1678.00"
"25 Jun 2013","","","","1683.70"
"24 Jun 2013","","","","1672.60"
"21 Jun 2013","","","","1725.00"
"20 Jun 2013","","","","1761.60"
"19 Jun 2013","","","","1840.50"
"18 Jun 2013","","","","1828.10"
"17 Jun 2013","","","","1825.60"
"14 Jun 2013","","","","1816.50"
"13 Jun 2013","","","","1770.10"
"12 Jun 2013","","","","1820.00"
"11 Jun 2013","","","","1839.90"
"10 Jun 2013","","","","1883.80"
"07 Jun 2013","","","","1910.00"
"06 Jun 2013","","","","1931.30"
"05 Jun 2013","","","","1923.00"
"04 Jun 2013","","","","1911.60"
"03 Jun 2013","","","","1918.80"
"31 May 2013","","","","1910.60"
"30 May 2013","","","","1973.00"
"29 May 2013","","","","1985.80"
"28 May 2013","","","","2013.10"
"27 May 2013","","","","2009.30"
"24 May 2013","","","","1987.80"
"23 May 2013","","","","1968.60"
"22 May 2013","","","","2052.00"
"21 May 2013","","","","2085.80"
"20 May 2013","","","","2112.10"
"17 May 2013","","","","2135.00"
"16 May 2013","","","","2102.80"
"15 May 2013","","","","2083.50"
"14 May 2013","","","","2011.40"
"13 May 2013","","","","2009.20"
"11 May 2013","","","","2061.00"
"10 May 2013","","","","2054.80"
"09 May 2013","","","","2043.90"
"08 May 2013","","","","2045.30"
"07 May 2013","","","","2051.00"
"06 May 2013","","","","2015.40"
"03 May 2013","","","","1994.30"
"02 May 2013","","","","2025.70"
"30 Apr 2013","","","","1998.70"
"29 Apr 2013","","","","2020.00"
"26 Apr 2013","","","","1982.70"
"25 Apr 2013","","","","2013.40"
"23 Apr 2013","","","","2004.70"
"22 Apr 2013","","","","2018.00"
"18 Apr 2013","","","","1979.70"
"17 Apr 2013","","","","1944.50"
"16 Apr 2013","","","","1945.70"
"15 Apr 2013","","","","1899.00"
"12 Apr 2013","","","","1869.40"
"11 Apr 2013","","","","1843.80"
"10 Apr 2013","","","","1843.20"
"09 Apr 2013","","","","1830.30"
"08 Apr 2013","","","","1848.20"
"05 Apr 2013","","","","1843.60"
"04 Apr 2013","","","","1830.20"
"03 Apr 2013","","","","1856.20"
"02 Apr 2013","","","","1900.90"
"01 Apr 2013","","","","1850.00"
"28 Mar 2013","","","","1821.70"
"26 Mar 2013","","","","1780.60"
"25 Mar 2013","","","","1783.90"
"22 Mar 2013","","","","1811.60"
"21 Mar 2013","","","","1789.30"
"20 Mar 2013","","","","1836.80"
"19 Mar 2013","","","","1903.10"
"18 Mar 2013","","","","1979.70"
"15 Mar 2013","","","","2007.50"
"14 Mar 2013","","","","2028.20"
"13 Mar 2013","","","","1983.70"
"12 Mar 2013","","","","2025.60"
"11 Mar 2013","","","","2046.90"
"08 Mar 2013","","","","2036.50"
"07 Mar 2013","","","","2018.00"
"06 Mar 2013","","","","2003.90"
"05 Mar 2013","","","","1980.80"
"04 Mar 2013","","","","1934.60"
"01 Mar 2013","","","","1953.30"
"28 Feb 2013","","","","1956.70"
"27 Feb 2013","","","","2051.60"
"26 Feb 2013","","","","2009.90"
"25 Feb 2013","","","","2057.40"
"22 Feb 2013","","","","2080.80"
"21 Feb 2013","","","","2074.70"
"20 Feb 2013","","","","2128.80"
"19 Feb 2013","","","","2136.20"
"18 Feb 2013","","","","2105.50"
"15 Feb 2013","","","","2091.40"
"14 Feb 2013","","","","2084.50"
"13 Feb 2013","","","","2132.00"
"12 Feb 2013","","","","2157.40"
"11 Feb 2013","","","","2172.70"
"08 Feb 2013","","","","2171.00"
"07 Feb 2013","","","","2199.70"
"06 Feb 2013","","","","2225.30"
"05 Feb 2013","","","","2201.00"
"04 Feb 2013","","","","2227.50"
"01 Feb 2013","","","","2242.10"
"31 Jan 2013","","","","2243.10"
"30 Jan 2013","","","","2218.80"
"29 Jan 2013","","","","2225.90"
"28 Jan 2013","","","","2267.10"
"25 Jan 2013","","","","2257.60"
"24 Jan 2013","","","","2200.30"
"23 Jan 2013","","","","2272.30"
"22 Jan 2013","","","","2310.00"
"21 Jan 2013","","","","2360.60"
"18 Jan 2013","","","","2344.20"
"17 Jan 2013","","","","2339.10"
"16 Jan 2013","","","","2321.30"
"15 Jan 2013","","","","2361.10"
"14 Jan 2013","","","","2348.60"
"11 Jan 2013","","","","2301.60"
"10 Jan 2013","","","","2346.20"
"09 Jan 2013","","","","2351.00"
"08 Jan 2013","","","","2351.90"
"07 Jan 2013","","","","2357.40"
"04 Jan 2013","","","","2357.10"
"03 Jan 2013","","","","2346.10"
"02 Jan 2013","","","","2336.00"
"01 Jan 2013","","","","2300.60"
"31 Dec 2012","","","","2252.30"
"28 Dec 2012","","","","2243.30"
"27 Dec 2012","","","","2230.40"
"26 Dec 2012","","","","2235.60"
"24 Dec 2012","","","","2216.00"
"21 Dec 2012","","","","2208.60"
"20 Dec 2012","","","","2260.90"
"19 Dec 2012","","","","2263.20"
"18 Dec 2012","","","","2245.80"
"17 Dec 2012","","","","2211.10"
"14 Dec 2012","","","","2203.00"
"13 Dec 2012","","","","2192.60"
"12 Dec 2012","","","","2236.10"
"11 Dec 2012","","","","2241.80"
"10 Dec 2012","","","","2242.90"
"07 Dec 2012","","","","2242.60"
"06 Dec 2012","","","","2265.30"
"05 Dec 2012","","","","2236.20"
"04 Dec 2012","","","","2227.80"
"03 Dec 2012","","","","2218.30"
"30 Nov 2012","","","","2200.50"
"29 Nov 2012","","","","2187.30"
"27 Nov 2012","","","","2153.90"
"26 Nov 2012","","","","2090.00"
"23 Nov 2012","","","","2075.40"
"22 Nov 2012","","","","2066.10"
"21 Nov 2012","","","","2053.30"
"20 Nov 2012","","","","2024.80"
"19 Nov 2012","","","","2038.00"
"16 Nov 2012","","","","2066.30"
"15 Nov 2012","","","","2103.10"
"13 Nov 2012","","","","2086.20"
"12 Nov 2012","","","","2099.80"
"09 Nov 2012","","","","1995.20"
"08 Nov 2012","","","","2004.00"
"07 Nov 2012","","","","1986.80"
"06 Nov 2012","","","","1953.20"
"05 Nov 2012","","","","1945.20"
"02 Nov 2012","","","","1949.90"
"01 Nov 2012","","","","1930.00"
"31 Oct 2012","","","","1883.60"
"30 Oct 2012","","","","1858.40"
"29 Oct 2012","","","","1890.40"
"26 Oct 2012","","","","1906.60"
"25 Oct 2012","","","","1941.40"
"23 Oct 2012","","","","1947.90"
"22 Oct 2012","","","","1960.10"
"19 Oct 2012","","","","1954.40"
"18 Oct 2012","","","","1966.50"
"17 Oct 2012","","","","1942.80"
"16 Oct 2012","","","","1944.30"
"15 Oct 2012","","","","1970.90"
"12 Oct 2012","","","","1975.90"
"11 Oct 2012","","","","1986.30"
"10 Oct 2012","","","","1943.20"
"09 Oct 2012","","","","1975.30"
"08 Oct 2012","","","","1949.00"
"05 Oct 2012","","","","1985.40"
"04 Oct 2012","","","","1985.60"
"03 Oct 2012","","","","1955.80"
"01 Oct 2012","","","","1929.20"
"28 Sep 2012","","","","1923.90"
"27 Sep 2012","","","","1921.40"
"26 Sep 2012","","","","1893.60"
"25 Sep 2012","","","","1906.10"
"24 Sep 2012","","","","1879.70"
"21 Sep 2012","","","","1840.40"
"20 Sep 2012","","","","1796.60"
"18 Sep 2012","","","","1798.30"
"17 Sep 2012","","","","1764.40"
"14 Sep 2012","","","","1697.00"
"13 Sep 2012","","","","1657.40"
"12 Sep 2012","","","","1651.00"
"11 Sep 2012","","","","1653.00"
"10 Sep 2012","","","","1644.80"
"08 Sep 2012","","","","1630.70"
"07 Sep 2012","","","","1624.10"
"06 Sep 2012","","","","1600.00"
"05 Sep 2012","","","","1608.00"
"04 Sep 2012","","","","1626.00"
"03 Sep 2012","","","","1600.90"
"31 Aug 2012","","","","1601.40"
"30 Aug 2012","","","","1610.50"
"29 Aug 2012","","","","1619.60"
"28 Aug 2012","","","","1633.90"
"27 Aug 2012","","","","1652.40"
"24 Aug 2012","","","","1685.00"
"23 Aug 2012","","","","1703.60"
"22 Aug 2012","","","","1716.70"
"21 Aug 2012","","","","1734.20"
"17 Aug 2012","","","","1723.00"
"16 Aug 2012","","","","1728.90"
"14 Aug 2012","","","","1741.90"
"13 Aug 2012","","","","1740.50"
"10 Aug 2012","","","","1694.10"
"09 Aug 2012","","","","1707.60"
"08 Aug 2012","","","","1723.40"
"07 Aug 2012","","","","1743.00"
"06 Aug 2012","","","","1743.50"
"03 Aug 2012","","","","1728.90"
"02 Aug 2012","","","","1741.20"
"01 Aug 2012","","","","1730.80"
"31 Jul 2012","","","","1712.10"
"30 Jul 2012","","","","1705.70"
"27 Jul 2012","","","","1658.80"
"26 Jul 2012","","","","1655.20"
"25 Jul 2012","","","","1691.70"
"24 Jul 2012","","","","1714.40"
"23 Jul 2012","","","","1709.70"
"20 Jul 2012","","","","1768.30"
"19 Jul 2012","","","","1771.30"
"18 Jul 2012","","","","1770.70"
"17 Jul 2012","","","","1776.30"
"16 Jul 2012","","","","1781.20"
"13 Jul 2012","","","","1789.00"
"12 Jul 2012","","","","1807.50"
"11 Jul 2012","","","","1811.90"
"10 Jul 2012","","","","1821.00"
"09 Jul 2012","","","","1800.20"
"06 Jul 2012","","","","1827.40"
"05 Jul 2012","","","","1834.20"
"04 Jul 2012","","","","1815.80"
"03 Jul 2012","","","","1806.40"
"02 Jul 2012","","","","1766.20"
"29 Jun 2012","","","","1740.50"
"28 Jun 2012","","","","1697.40"
"27 Jun 2012","","","","1702.80"
"26 Jun 2012","","","","1699.20"
"25 Jun 2012","","","","1687.90"
"22 Jun 2012","","","","1695.40"
"21 Jun 2012","","","","1703.10"
"20 Jun 2012","","","","1666.20"
"19 Jun 2012","","","","1647.80"
"18 Jun 2012","","","","1638.00"
"15 Jun 2012","","","","1672.90"
"14 Jun 2012","","","","1649.30"
"13 Jun 2012","","","","1690.90"
"12 Jun 2012","","","","1691.70"
"11 Jun 2012","","","","1658.90"
"08 Jun 2012","","","","1658.50"
"07 Jun 2012","","","","1642.20"
"06 Jun 2012","","","","1626.50"
"05 Jun 2012","","","","1582.90"
"04 Jun 2012","","","","1581.30"
"01 Jun 2012","","","","1585.60"
"31 May 2012","","","","1604.50"
"30 May 2012","","","","1604.00"
"29 May 2012","","","","1636.00"
"28 May 2012","","","","1643.90"
"25 May 2012","","","","1609.80"
"24 May 2012","","","","1602.10"
"23 May 2012","","","","1584.90"
"22 May 2012","","","","1609.40"
"21 May 2012","","","","1627.70"
"18 May 2012","","","","1610.20"
"17 May 2012","","","","1613.10"
"16 May 2012","","","","1604.30"
"15 May 2012","","","","1635.20"
"14 May 2012","","","","1631.70"
"11 May 2012","","","","1655.70"
"10 May 2012","","","","1663.00"
"09 May 2012","","","","1664.70"
"08 May 2012","","","","1686.00"
"07 May 2012","","","","1728.80"
"04 May 2012","","","","1713.50"
"03 May 2012","","","","1744.50"
"02 May 2012","","","","1772.90"
"30 Apr 2012","","","","1778.60"
"28 Apr 2012","","","","1776.20"
"27 Apr 2012","","","","1764.40"
"26 Apr 2012","","","","1778.40"
"25 Apr 2012","","","","1803.20"
"24 Apr 2012","","","","1820.60"
"23 Apr 2012","","","","1821.60"
"20 Apr 2012","","","","1855.60"
"19 Apr 2012","","","","1873.90"
"18 Apr 2012","","","","1889.90"
"17 Apr 2012","","","","1904.60"
"16 Apr 2012","","","","1877.70"
"13 Apr 2012","","","","1871.30"
"12 Apr 2012","","","","1895.30"
"11 Apr 2012","","","","1888.20"
"10 Apr 2012","","","","1900.00"
"09 Apr 2012","","","","1892.10"
"04 Apr 2012","","","","1946.10"
"03 Apr 2012","","","","1946.30"
"02 Apr 2012","","","","1920.50"
"27 Jun 2023","-","-","-","971.48"
"26 Jun 2023","-","-","-","970.66"
"23 Jun 2023","-","-","-","970.74"
"22 Jun 2023","-","-","-","975.90"
"21 Jun 2023","-","-","-","976.82"
"20 Jun 2023","-","-","-","975.21"
"19 Jun 2023","-","-","-","978.58"
"16 Jun 2023","-","-","-","981.56"
"15 Jun 2023","-","-","-","983.98"
"14 Jun 2023","-","-","-","984.78"
"13 Jun 2023","-","-","-","983.52"
"12 Jun 2023","-","-","-","990.22"
"09 Jun 2023","-","-","-","987.52"
"08 Jun 2023","-","-","-","989.27"
"07 Jun 2023","-","-","-","993.34"
"06 Jun 2023","-","-","-","994.20"
"05 Jun 2023","-","-","-","991.27"
"02 Jun 2023","-","-","-","992.34"
"01 Jun 2023","-","-","-","997.49"
"31 May 2023","-","-","-","996.79"
"30 May 2023","-","-","-","992.87"
"29 May 2023","-","-","-","997.76"
"26 May 2023","-","-","-","997.85"
"25 May 2023","-","-","-","997.72"
"24 May 2023","-","-","-","1006.63"
"23 May 2023","-","-","-","1005.86"
"22 May 2023","-","-","-","1008.73"
"19 May 2023","-","-","-","1010.28"
"18 May 2023","-","-","-","1009.53"
"17 May 2023","-","-","-","1011.01"
"16 May 2023","-","-","-","1010.39"
"15 May 2023","-","-","-","1011.26"
"12 May 2023","-","-","-","1011.30"
"11 May 2023","-","-","-","1014.21"
"10 May 2023","-","-","-","1022.50"
"09 May 2023","-","-","-","1015.81"
"08 May 2023","-","-","-","1019.80"
"05 May 2023","-","-","-","1022.66"
"04 May 2023","-","-","-","1028.21"
"03 May 2023","-","-","-","1037.36"
"02 May 2023","-","-","-","1038.51"
"28 Apr 2023","-","-","-","1030.89"
"27 Apr 2023","-","-","-","1021.34"
"26 Apr 2023","-","-","-","1020.47"
"25 Apr 2023","-","-","-","1014.14"
"24 Apr 2023","-","-","-","1021.21"
"21 Apr 2023","-","-","-","1021.48"
"20 Apr 2023","-","-","-","1019.07"
"19 Apr 2023","-","-","-","1018.67"
"18 Apr 2023","-","-","-","1019.80"
"17 Apr 2023","-","-","-","1010.82"
"13 Apr 2023","-","-","-","1010.90"
"12 Apr 2023","-","-","-","1012.80"
"11 Apr 2023","-","-","-","1007.33"
"10 Apr 2023","-","-","-","1009.19"
"06 Apr 2023","-","-","-","1007.29"
"05 Apr 2023","-","-","-","1006.14"
"03 Apr 2023","-","-","-","1003.78"
"31 Mar 2023","-","-","-","1008.36"
"29 Mar 2023","-","-","-","995.72"
"28 Mar 2023","-","-","-","975.55"
"27 Mar 2023","-","-","-","990.21"
"24 Mar 2023","-","-","-","1005.79"
"23 Mar 2023","-","-","-","968.88"
"22 Mar 2023","-","-","-","968.59"
"21 Mar 2023","-","-","-","968.69"
"20 Mar 2023","-","-","-","963.67"
"17 Mar 2023","-","-","-","963.49"
"16 Mar 2023","-","-","-","966.62"
"15 Mar 2023","-","-","-","963.28"
"14 Mar 2023","-","-","-","963.77"
"13 Mar 2023","-","-","-","967.11"
"10 Mar 2023","-","-","-","973.76"
"09 Mar 2023","-","-","-","975.69"
"08 Mar 2023","-","-","-","975.96"
"06 Mar 2023","-","-","-","977.94"
"03 Mar 2023","-","-","-","973.36"
"02 Mar 2023","-","-","-","972.41"
"01 Mar 2023","-","-","-","977.32"
"28 Feb 2023","-","-","-","972.54"
"27 Feb 2023","-","-","-","980.85"
"24 Feb 2023","-","-","-","985.58"
"23 Feb 2023","-","-","-","986.16"
"22 Feb 2023","-","-","-","988.77"
"21 Feb 2023","-","-","-","991.64"
"20 Feb 2023","-","-","-","991.24"
"17 Feb 2023","-","-","-","987.05"
"16 Feb 2023","-","-","-","989.95"
"15 Feb 2023","-","-","-","991.59"
"14 Feb 2023","-","-","-","987.47"
"13 Feb 2023","-","-","-","991.75"
"10 Feb 2023","-","-","-","994.51"
"09 Feb 2023","-","-","-","989.44"
"08 Feb 2023","-","-","-","989.68"
"07 Feb 2023","-","-","-","985.88"
"06 Feb 2023","-","-","-","987.72"
"03 Feb 2023","-","-","-","986.41"
"02 Feb 2023","-","-","-","995.54"
"01 Feb 2023","-","-","-","1021.98"
"31 Jan 2023","-","-","-","1037.85"
"30 Jan 2023","-","-","-","1044.13"
"27 Jan 2023","-","-","-","1053.96"
"25 Jan 2023","-","-","-","1061.33"
"24 Jan 2023","-","-","-","1061.06"
"23 Jan 2023","-","-","-","1061.23"
"20 Jan 2023","-","-","-","1052.68"
"19 Jan 2023","-","-","-","1055.02"
"18 Jan 2023","-","-","-","1054.67"
"17 Jan 2023","-","-","-","1060.07"
"16 Jan 2023","-","-","-","1061.46"
"13 Jan 2023","-","-","-","1063.84"
"12 Jan 2023","-","-","-","1072.08"
"11 Jan 2023","-","-","-","1068.83"
"10 Jan 2023","-","-","-","1065.29"
"09 Jan 2023","-","-","-","1062.80"
"06 Jan 2023","-","-","-","1063.63"
"05 Jan 2023","-","-","-","1064.05"
"04 Jan 2023","-","-","-","1061.29"
"03 Jan 2023","-","-","-","1060.93"
"02 Jan 2023","-","-","-","1061.02"
"30 Dec 2022","-","-","-","1051.79"
"29 Dec 2022","-","-","-","1052.56"
"28 Dec 2022","-","-","-","1050.86"
"27 Dec 2022","-","-","-","1049.91"
"26 Dec 2022","-","-","-","1052.52"
"23 Dec 2022","-","-","-","1052.59"
"22 Dec 2022","-","-","-","1066.93"
"21 Dec 2022","-","-","-","1067.90"
"20 Dec 2022","-","-","-","1069.55"
"19 Dec 2022","-","-","-","1068.74"
"16 Dec 2022","-","-","-","1069.79"
"15 Dec 2022","-","-","-","1069.35"
"14 Dec 2022","-","-","-","1065.90"
"13 Dec 2022","-","-","-","1067.48"
"12 Dec 2022","-","-","-","1069.25"
"09 Dec 2022","-","-","-","1068.90"
"08 Dec 2022","-","-","-","1065.25"
"07 Dec 2022","-","-","-","1065.39"
"06 Dec 2022","-","-","-","1055.89"
"05 Dec 2022","-","-","-","1055.65"
"02 Dec 2022","-","-","-","1057.20"
"01 Dec 2022","-","-","-","1057.67"
"30 Nov 2022","-","-","-","1059.08"
"29 Nov 2022","-","-","-","1052.77"
"28 Nov 2022","-","-","-","1052.91"
"25 Nov 2022","-","-","-","1051.42"
"24 Nov 2022","-","-","-","1051.33"
"23 Nov 2022","-","-","-","1052.64"
"22 Nov 2022","-","-","-","1055.29"
"21 Nov 2022","-","-","-","1047.19"
"18 Nov 2022","-","-","-","1049.64"
"17 Nov 2022","-","-","-","1057.89"
"16 Nov 2022","-","-","-","1058.42"
"15 Nov 2022","-","-","-","1060.59"
"14 Nov 2022","-","-","-","1068.02"
"11 Nov 2022","-","-","-","1069.92"
"10 Nov 2022","-","-","-","1057.54"
"09 Nov 2022","-","-","-","1064.68"
"07 Nov 2022","-","-","-","1062.67"
"04 Nov 2022","-","-","-","1066.87"
"03 Nov 2022","-","-","-","1081.40"
"02 Nov 2022","-","-","-","1092.78"
"01 Nov 2022","-","-","-","1095.51"
"31 Oct 2022","-","-","-","1096.58"
"28 Oct 2022","-","-","-","1099.79"
"27 Oct 2022","-","-","-","1100.41"
"25 Oct 2022","-","-","-","1101.16"
"24 Oct 2022","-","-","-","1116.58"
"21 Oct 2022","-","-","-","1102.20"
"20 Oct 2022","-","-","-","1098.09"
"19 Oct 2022","-","-","-","1110.81"
"18 Oct 2022","-","-","-","1117.54"
"17 Oct 2022","-","-","-","1112.88"
"14 Oct 2022","-","-","-","1110.35"
"13 Oct 2022","-","-","-","1113.41"
"12 Oct 2022","-","-","-","1114.83"
"11 Oct 2022","-","-","-","1111.93"
"10 Oct 2022","-","-","-","1110.27"
"07 Oct 2022","-","-","-","1107.02"
"06 Oct 2022","-","-","-","1103.24"
"04 Oct 2022","-","-","-","1103.83"
"03 Oct 2022","-","-","-","1102.92"
"30 Sep 2022","-","-","-","1105.02"
"29 Sep 2022","-","-","-","1114.09"
"28 Sep 2022","-","-","-","1108.01"
"27 Sep 2022","-","-","-","1103.34"
"26 Sep 2022","-","-","-","1109.88"
"23 Sep 2022","-","-","-","1119.60"
"22 Sep 2022","-","-","-","1121.39"
"21 Sep 2022","-","-","-","1119.60"
"20 Sep 2022","-","-","-","1119.23"
"19 Sep 2022","-","-","-","1113.66"
"16 Sep 2022","-","-","-","1118.90"
"15 Sep 2022","-","-","-","1129.71"
"14 Sep 2022","-","-","-","1127.77"
"13 Sep 2022","-","-","-","1129.24"
"12 Sep 2022","-","-","-","1128.10"
"09 Sep 2022","-","-","-","1127.35"
"08 Sep 2022","-","-","-","1124.16"
"07 Sep 2022","-","-","-","1115.58"
"06 Sep 2022","-","-","-","1125.13"
"05 Sep 2022","-","-","-","1124.28"
"02 Sep 2022","-","-","-","1127.66"
"01 Sep 2022","-","-","-","1120.87"
"30 Aug 2022","-","-","-","1120.41"
"29 Aug 2022","-","-","-","1119.84"
"26 Aug 2022","-","-","-","1118.96"
"25 Aug 2022","-","-","-","1125.63"
"24 Aug 2022","-","-","-","1122.94"
"23 Aug 2022","-","-","-","1119.57"
"22 Aug 2022","-","-","-","1118.84"
"19 Aug 2022","-","-","-","1127.58"
"18 Aug 2022","-","-","-","1123.83"
"17 Aug 2022","-","-","-","1136.95"
"16 Aug 2022","-","-","-","1136.49"
"12 Aug 2022","-","-","-","1136.99"
"11 Aug 2022","-","-","-","1136.82"
"10 Aug 2022","-","-","-","1132.52"
"08 Aug 2022","-","-","-","1123.40"
"05 Aug 2022","-","-","-","1117.62"
"04 Aug 2022","-","-","-","1116.88"
"03 Aug 2022","-","-","-","1108.18"
"02 Aug 2022","-","-","-","1104.34"
"01 Aug 2022","-","-","-","1106.09"
"29 Jul 2022","-","-","-","1107.29"
"28 Jul 2022","-","-","-","1115.26"
"27 Jul 2022","-","-","-","1108.52"
"26 Jul 2022","-","-","-","1102.57"
"25 Jul 2022","-","-","-","1105.31"
"22 Jul 2022","-","-","-","1109.06"
"21 Jul 2022","-","-","-","1103.90"
"20 Jul 2022","-","-","-","1106.69"
"19 Jul 2022","-","-","-","1109.53"
"18 Jul 2022","-","-","-","1105.79"
"15 Jul 2022","-","-","-","1105.30"
"14 Jul 2022","-","-","-","1109.82"
"13 Jul 2022","-","-","-","1101.99"
"12 Jul 2022","-","-","-","1100.73"
"11 Jul 2022","-","-","-","1106.25"
"08 Jul 2022","-","-","-","1106.12"
"07 Jul 2022","-","-","-","1105.55"
"06 Jul 2022","-","-","-","1112.55"
"05 Jul 2022","-","-","-","1101.23"
"04 Jul 2022","-","-","-","1094.92"
"01 Jul 2022","-","-","-","1099.09"
"30 Jun 2022","-","-","-","1105.71"
"29 Jun 2022","-","-","-","1096.87"
"28 Jun 2022","-","-","-","1098.33"
"27 Jun 2022","-","-","-","1097.86"
"24 Jun 2022","-","-","-","1099.26"
"23 Jun 2022","-","-","-","1099.12"
"22 Jun 2022","-","-","-","1102.25"
"21 Jun 2022","-","-","-","1103.09"
"20 Jun 2022","-","-","-","1098.45"
"17 Jun 2022","-","-","-","1100.31"
"16 Jun 2022","-","-","-","1116.15"
"15 Jun 2022","-","-","-","1111.79"
"14 Jun 2022","-","-","-","1128.97"
"13 Jun 2022","-","-","-","1140.98"
"10 Jun 2022","-","-","-","1146.72"
"09 Jun 2022","-","-","-","1148.56"
"08 Jun 2022","-","-","-","1143.62"
"07 Jun 2022","-","-","-","1135.35"
"06 Jun 2022","-","-","-","1131.99"
"03 Jun 2022","-","-","-","1134.42"
"02 Jun 2022","-","-","-","1134.22"
"01 Jun 2022","-","-","-","1130.63"
"31 May 2022","-","-","-","1121.75"
"30 May 2022","-","-","-","1128.47"
"27 May 2022","-","-","-","1123.75"
"26 May 2022","-","-","-","1122.89"
"25 May 2022","-","-","-","1123.21"
"24 May 2022","-","-","-","1127.58"
"23 May 2022","-","-","-","1128.60"
"20 May 2022","-","-","-","1122.20"
"19 May 2022","-","-","-","1113.42"
"18 May 2022","-","-","-","1115.88"
"17 May 2022","-","-","-","1115.97"
"16 May 2022","-","-","-","1100.90"
"13 May 2022","-","-","-","1104.24"
"12 May 2022","-","-","-","1107.60"
"11 May 2022","-","-","-","1111.06"
"10 May 2022","-","-","-","1117.38"
"09 May 2022","-","-","-","1126.04"
"06 May 2022","-","-","-","1137.94"
"05 May 2022","-","-","-","1142.09"
"04 May 2022","-","-","-","1146.31"
"02 May 2022","-","-","-","1147.03"
"29 Apr 2022","-","-","-","1145.47"
"28 Apr 2022","-","-","-","1150.21"
"27 Apr 2022","-","-","-","1150.51"
"26 Apr 2022","-","-","-","1147.04"
"25 Apr 2022","-","-","-","1145.86"
"22 Apr 2022","-","-","-","1140.64"
"21 Apr 2022","-","-","-","1130.37"
"20 Apr 2022","-","-","-","1128.21"
"19 Apr 2022","-","-","-","1123.74"
"18 Apr 2022","-","-","-","1122.92"
"13 Apr 2022","-","-","-","1121.93"
"12 Apr 2022","-","-","-","1119.61"
"11 Apr 2022","-","-","-","1118.23"
"08 Apr 2022","-","-","-","1115.17"
"07 Apr 2022","-","-","-","1117.05"
"06 Apr 2022","-","-","-","1123.75"
"05 Apr 2022","-","-","-","1121.90"
"04 Apr 2022","-","-","-","1116.68"
"01 Apr 2022","-","-","-","1111.23"
"31 Mar 2022","-","-","-","1107.70"
"30 Mar 2022","-","-","-","1111.93"
"29 Mar 2022","-","-","-","1107.12"
"28 Mar 2022","-","-","-","1112.17"
"25 Mar 2022","-","-","-","1095.44"
"24 Mar 2022","-","-","-","1098.45"
"23 Mar 2022","-","-","-","1100.72"
"22 Mar 2022","-","-","-","1093.84"
"21 Mar 2022","-","-","-","1080.15"
"17 Mar 2022","-","-","-","1078.19"
"16 Mar 2022","-","-","-","1092.59"
"15 Mar 2022","-","-","-","1096.05"
"14 Mar 2022","-","-","-","1093.06"
"11 Mar 2022","-","-","-","1093.91"
"10 Mar 2022","-","-","-","1085.11"
"09 Mar 2022","-","-","-","1087.24"
"08 Mar 2022","-","-","-","1088.11"
"07 Mar 2022","-","-","-","1086.53"
"04 Mar 2022","-","-","-","1095.04"
"03 Mar 2022","-","-","-","1097.32"
"02 Mar 2022","-","-","-","1106.51"
"28 Feb 2022","-","-","-","1106.68"
"25 Feb 2022","-","-","-","1105.05"
"24 Feb 2022","-","-","-","1108.16"
"23 Feb 2022","-","-","-","1112.21"
"22 Feb 2022","-","-","-","1106.43"
"21 Feb 2022","-","-","-","1106.05"
"18 Feb 2022","-","-","-","1121.39"
"17 Feb 2022","-","-","-","1124.24"
"16 Feb 2022","-","-","-","1124.34"
"15 Feb 2022","-","-","-","1116.72"
"14 Feb 2022","-","-","-","1113.72"
"11 Feb 2022","-","-","-","1128.92"
"10 Feb 2022","-","-","-","1117.38"
"09 Feb 2022","-","-","-","1120.17"
"08 Feb 2022","-","-","-","1115.12"
"07 Feb 2022","-","-","-","1108.36"
"04 Feb 2022","-","-","-","1110.60"
"03 Feb 2022","-","-","-","1105.10"
"02 Feb 2022","-","-","-","1101.99"
"01 Feb 2022","-","-","-","1102.54"
"31 Jan 2022","-","-","-","1099.25"
"28 Jan 2022","-","-","-","1091.66"
"27 Jan 2022","-","-","-","1092.97"
"25 Jan 2022","-","-","-","1092.12"
"24 Jan 2022","-","-","-","1096.30"
"21 Jan 2022","-","-","-","1104.52"
"20 Jan 2022","-","-","-","1103.73"
"19 Jan 2022","-","-","-","1100.38"
"18 Jan 2022","-","-","-","1104.80"
"17 Jan 2022","-","-","-","1105.54"
"14 Jan 2022","-","-","-","1094.06"
"13 Jan 2022","-","-","-","1095.56"
"12 Jan 2022","-","-","-","1081.35"
"11 Jan 2022","-","-","-","1076.56"
"10 Jan 2022","-","-","-","1070.56"
"07 Jan 2022","-","-","-","1068.87"
"06 Jan 2022","-","-","-","1065.86"
"05 Jan 2022","-","-","-","1056.22"
"04 Jan 2022","-","-","-","1050.76"
"03 Jan 2022","-","-","-","1040.38"
"31 Dec 2021","-","-","-","1039.31"
"30 Dec 2021","-","-","-","1037.12"
"29 Dec 2021","-","-","-","1041.18"
"28 Dec 2021","-","-","-","1042.46"
"27 Dec 2021","-","-","-","1044.34"
"24 Dec 2021","-","-","-","1041.95"
"23 Dec 2021","-","-","-","1038.94"
"22 Dec 2021","-","-","-","1042.40"
"21 Dec 2021","-","-","-","1038.18"
"20 Dec 2021","-","-","-","1029.92"
"17 Dec 2021","-","-","-","1043.39"
"16 Dec 2021","-","-","-","1054.37"
"15 Dec 2021","-","-","-","1058.99"
"14 Dec 2021","-","-","-","1058.41"
"13 Dec 2021","-","-","-","1057.11"
"10 Dec 2021","-","-","-","1053.48"
"09 Dec 2021","-","-","-","1056.12"
"08 Dec 2021","-","-","-","1051.33"
"07 Dec 2021","-","-","-","1043.53"
"06 Dec 2021","-","-","-","1054.70"
"03 Dec 2021","-","-","-","1059.90"
"02 Dec 2021","-","-","-","1053.99"
"01 Dec 2021","-","-","-","1049.37"
"30 Nov 2021","-","-","-","1044.96"
"29 Nov 2021","-","-","-","1054.94"
"26 Nov 2021","-","-","-","1061.03"
"25 Nov 2021","-","-","-","1066.62"
"24 Nov 2021","-","-","-","1061.39"
"23 Nov 2021","-","-","-","1063.01"
"22 Nov 2021","-","-","-","1057.66"
"18 Nov 2021","-","-","-","1060.15"
"17 Nov 2021","-","-","-","1060.16"
"16 Nov 2021","-","-","-","1067.78"
"15 Nov 2021","-","-","-","1073.22"
"12 Nov 2021","-","-","-","1064.75"
"11 Nov 2021","-","-","-","1060.87"
"10 Nov 2021","-","-","-","1063.12"
"09 Nov 2021","-","-","-","1059.66"
"08 Nov 2021","-","-","-","1052.26"
"04 Nov 2021","-","-","-","1050.18"
"03 Nov 2021","-","-","-","1045.49"
"02 Nov 2021","-","-","-","1045.00"
"01 Nov 2021","-","-","-","1042.10"
"29 Oct 2021","-","-","-","1043.91"
"28 Oct 2021","-","-","-","1045.69"
"27 Oct 2021","-","-","-","1046.47"
"26 Oct 2021","-","-","-","1037.67"
"25 Oct 2021","-","-","-","1031.67"
"22 Oct 2021","-","-","-","1032.57"
"21 Oct 2021","-","-","-","1035.20"
"20 Oct 2021","-","-","-","1037.14"
"19 Oct 2021","-","-","-","1038.63"
"18 Oct 2021","-","-","-","1040.69"
"14 Oct 2021","-","-","-","1034.45"
"13 Oct 2021","-","-","-","1027.61"
"12 Oct 2021","-","-","-","1020.71"
"11 Oct 2021","-","-","-","1020.70"
"08 Oct 2021","-","-","-","1020.55"
"07 Oct 2021","-","-","-","1017.68"
"06 Oct 2021","-","-","-","1019.31"
"05 Oct 2021","-","-","-","1019.73"
"04 Oct 2021","-","-","-","1020.81"
"01 Oct 2021","-","-","-","1014.11"
"30 Sep 2021","-","-","-","1007.90"
"29 Sep 2021","-","-","-","1000.34"
"28 Sep 2021","-","-","-","987.84"
"27 Sep 2021","-","-","-","984.38"
"24 Sep 2021","-","-","-","988.59"
"23 Sep 2021","-","-","-","995.17"
"22 Sep 2021","-","-","-","999.44"
"21 Sep 2021","-","-","-","993.71"
"20 Sep 2021","-","-","-","987.82"
"17 Sep 2021","-","-","-","1009.35"
"16 Sep 2021","-","-","-","1018.89"
"15 Sep 2021","-","-","-","1017.48"
"14 Sep 2021","-","-","-","1036.64"
"13 Sep 2021","-","-","-","1039.08"
"09 Sep 2021","-","-","-","1031.72"
"08 Sep 2021","-","-","-","1030.22"
"07 Sep 2021","-","-","-","1029.63"
"06 Sep 2021","-","-","-","1019.86"
"03 Sep 2021","-","-","-","1016.06"
"02 Sep 2021","-","-","-","1015.05"
"01 Sep 2021","-","-","-","1009.51"
"31 Aug 2021","-","-","-","1006.28"
"30 Aug 2021","-","-","-","1002.69"
"27 Aug 2021","-","-","-","996.88"
"26 Aug 2021","-","-","-","987.89"
"25 Aug 2021","-","-","-","992.40"
"24 Aug 2021","-","-","-","993.34"
"23 Aug 2021","-","-","-","989.38"
"20 Aug 2021","-","-","-","990.72"
"18 Aug 2021","-","-","-","1001.88"
"17 Aug 2021","-","-","-","1003.32"
"16 Aug 2021","-","-","-","1010.48"
"13 Aug 2021","-","-","-","1010.66"
"12 Aug 2021","-","-","-","1006.22"
"11 Aug 2021","-","-","-","1008.26"
"10 Aug 2021","-","-","-","1017.58"
"09 Aug 2021","-","-","-","1024.85"
"06 Aug 2021","-","-","-","1028.08"
"05 Aug 2021","-","-","-","1023.83"
"04 Aug 2021","-","-","-","1025.89"
"03 Aug 2021","-","-","-","1033.79"
"02 Aug 2021","-","-","-","1031.60"
"30 Jul 2021","-","-","-","1022.90"
"29 Jul 2021","-","-","-","1020.88"
"28 Jul 2021","-","-","-","1017.10"
"27 Jul 2021","-","-","-","1017.67"
"26 Jul 2021","-","-","-","1014.63"
"23 Jul 2021","-","-","-","1014.79"
"22 Jul 2021","-","-","-","1011.18"
"20 Jul 2021","-","-","-","1016.77"
"19 Jul 2021","-","-","-","1013.46"
"16 Jul 2021","-","-","-","1005.98"
"15 Jul 2021","-","-","-","1002.24"
"14 Jul 2021","-","-","-","1004.43"
"13 Jul 2021","-","-","-","1003.66"
"12 Jul 2021","-","-","-","1001.64"
"09 Jul 2021","-","-","-","999.93"
"08 Jul 2021","-","-","-","998.83"
"07 Jul 2021","-","-","-","997.08"
"06 Jul 2021","-","-","-","996.64"
"05 Jul 2021","-","-","-","996.84"
"02 Jul 2021","-","-","-","995.19"
"01 Jul 2021","-","-","-","991.67"
"30 Jun 2021","-","-","-","995.61"
"29 Jun 2021","-","-","-","992.95"
"28 Jun 2021","-","-","-","985.96"
"25 Jun 2021","-","-","-","992.80"
"24 Jun 2021","-","-","-","987.95"
"23 Jun 2021","-","-","-","988.70"
"22 Jun 2021","-","-","-","990.07"
"21 Jun 2021","-","-","-","986.44"
"18 Jun 2021","-","-","-","982.21"
"17 Jun 2021","-","-","-","989.96"
"16 Jun 2021","-","-","-","992.59"
"15 Jun 2021","-","-","-","1005.67"
"14 Jun 2021","-","-","-","1003.27"
"11 Jun 2021","-","-","-","1008.99"
"10 Jun 2021","-","-","-","1002.60"
"09 Jun 2021","-","-","-","990.81"
"08 Jun 2021","-","-","-","984.41"
"07 Jun 2021","-","-","-","977.91"
"04 Jun 2021","-","-","-","972.80"
"03 Jun 2021","-","-","-","967.92"
"02 Jun 2021","-","-","-","962.94"
"01 Jun 2021","-","-","-","962.18"
"31 May 2021","-","-","-","966.24"
"28 May 2021","-","-","-","967.27"
"27 May 2021","-","-","-","966.17"
"26 May 2021","-","-","-","960.91"
"25 May 2021","-","-","-","961.66"
"24 May 2021","-","-","-","960.31"
"21 May 2021","-","-","-","971.13"
"20 May 2021","-","-","-","973.86"
"19 May 2021","-","-","-","972.10"
"18 May 2021","-","-","-","973.27"
"17 May 2021","-","-","-","961.96"
"14 May 2021","-","-","-","962.12"
"12 May 2021","-","-","-","959.99"
"11 May 2021","-","-","-","957.58"
"10 May 2021","-","-","-","957.06"
"07 May 2021","-","-","-","953.10"
"06 May 2021","-","-","-","954.73"
"05 May 2021","-","-","-","958.88"
"04 May 2021","-","-","-","965.27"
"03 May 2021","-","-","-","963.77"
"30 Apr 2021","-","-","-","960.70"
"29 Apr 2021","-","-","-","955.32"
"28 Apr 2021","-","-","-","955.62"
"27 Apr 2021","-","-","-","953.51"
"26 Apr 2021","-","-","-","957.13"
"23 Apr 2021","-","-","-","958.29"
"22 Apr 2021","-","-","-","957.18"
"20 Apr 2021","-","-","-","957.31"
"19 Apr 2021","-","-","-","951.02"
"16 Apr 2021","-","-","-","954.93"
"15 Apr 2021","-","-","-","950.63"
"13 Apr 2021","-","-","-","951.98"
"12 Apr 2021","-","-","-","953.91"
"09 Apr 2021","-","-","-","962.82"
"08 Apr 2021","-","-","-","960.77"
"07 Apr 2021","-","-","-","967.88"
"06 Apr 2021","-","-","-","975.59"
"05 Apr 2021","-","-","-","978.20"
"01 Apr 2021","-","-","-","998.13"
"31 Mar 2021","-","-","-","996.03"
"30 Mar 2021","-","-","-","995.31"
"26 Mar 2021","-","-","-","992.62"
"25 Mar 2021","-","-","-","982.06"
"24 Mar 2021","-","-","-","986.54"
"23 Mar 2021","-","-","-","987.51"
"22 Mar 2021","-","-","-","994.96"
"19 Mar 2021","-","-","-","997.19"
"18 Mar 2021","-","-","-","1003.41"
"17 Mar 2021","-","-","-","1009.51"
"16 Mar 2021","-","-","-","1016.46"
"15 Mar 2021","-","-","-","1006.35"
"12 Mar 2021","-","-","-","1002.62"
"10 Mar 2021","-","-","-","993.56"
"09 Mar 2021","-","-","-","992.69"
"08 Mar 2021","-","-","-","979.28"
"05 Mar 2021","-","-","-","973.02"
"04 Mar 2021","-","-","-","979.88"
"03 Mar 2021","-","-","-","976.10"
"02 Mar 2021","-","-","-","979.43"
"01 Mar 2021","-","-","-","976.23"
"26 Feb 2021","-","-","-","970.04"
"25 Feb 2021","-","-","-","973.40"
"24 Feb 2021","-","-","-","985.70"
"23 Feb 2021","-","-","-","973.14"
"22 Feb 2021","-","-","-","977.34"
"19 Feb 2021","-","-","-","1007.67"
"18 Feb 2021","-","-","-","1010.50"
"17 Feb 2021","-","-","-","1010.34"
"16 Feb 2021","-","-","-","1019.69"
"15 Feb 2021","-","-","-","1023.62"
"12 Feb 2021","-","-","-","1019.62"
"11 Feb 2021","-","-","-","1016.96"
"10 Feb 2021","-","-","-","1020.58"
"09 Feb 2021","-","-","-","1021.09"
"08 Feb 2021","-","-","-","1025.66"
"05 Feb 2021","-","-","-","1032.19"
"04 Feb 2021","-","-","-","1038.44"
"03 Feb 2021","-","-","-","1043.97"
"02 Feb 2021","-","-","-","1041.07"
"01 Feb 2021","-","-","-","1025.81"
"29 Jan 2021","-","-","-","1029.40"
"28 Jan 2021","-","-","-","1028.75"
"27 Jan 2021","-","-","-","1021.66"
"25 Jan 2021","-","-","-","1026.83"
"22 Jan 2021","-","-","-","1025.91"
"21 Jan 2021","-","-","-","1029.69"
"20 Jan 2021","-","-","-","1034.98"
"19 Jan 2021","-","-","-","1035.41"
"18 Jan 2021","-","-","-","1028.43"
"15 Jan 2021","-","-","-","1019.25"
"14 Jan 2021","-","-","-","1016.25"
"13 Jan 2021","-","-","-","1017.83"
"12 Jan 2021","-","-","-","1020.64"
"11 Jan 2021","-","-","-","1011.53"
"08 Jan 2021","-","-","-","1009.96"
"07 Jan 2021","-","-","-","998.21"
"06 Jan 2021","-","-","-","999.53"
"05 Jan 2021","-","-","-","1002.76"
"04 Jan 2021","-","-","-","1003.14"
"01 Jan 2021","-","-","-","982.06"
"31 Dec 2020","-","-","-","960.90"
"30 Dec 2020","-","-","-","980.15"
"29 Dec 2020","-","-","-","983.66"
"28 Dec 2020","-","-","-","981.30"
"24 Dec 2020","-","-","-","974.68"
"23 Dec 2020","-","-","-","974.95"
"22 Dec 2020","-","-","-","990.31"
"21 Dec 2020","-","-","-","985.00"
"18 Dec 2020","-","-","-","997.99"
"17 Dec 2020","-","-","-","970.43"
"16 Dec 2020","-","-","-","969.80"
"15 Dec 2020","-","-","-","964.03"
"14 Dec 2020","-","-","-","964.97"
"11 Dec 2020","-","-","-","969.12"
"10 Dec 2020","-","-","-","959.26"
"09 Dec 2020","-","-","-","953.28"
"08 Dec 2020","-","-","-","950.52"
"07 Dec 2020","-","-","-","951.60"
"04 Dec 2020","-","-","-","955.83"
"03 Dec 2020","-","-","-","950.66"
"02 Dec 2020","-","-","-","940.10"
"01 Dec 2020","-","-","-","948.43"
"27 Nov 2020","-","-","-","948.36"
"26 Nov 2020","-","-","-","953.94"
"25 Nov 2020","-","-","-","951.79"
"24 Nov 2020","-","-","-","955.80"
"23 Nov 2020","-","-","-","946.08"
"20 Nov 2020","-","-","-","957.11"
"19 Nov 2020","-","-","-","961.88"
"18 Nov 2020","-","-","-","957.51"
"17 Nov 2020","-","-","-","956.63"
"14 Nov 2020","-","-","-","956.22"
"13 Nov 2020","-","-","-","938.99"
"12 Nov 2020","-","-","-","932.53"
"11 Nov 2020","-","-","-","926.04"
"10 Nov 2020","-","-","-","923.46"
"09 Nov 2020","-","-","-","898.79"
"06 Nov 2020","-","-","-","904.00"
"05 Nov 2020","-","-","-","900.95"
"04 Nov 2020","-","-","-","889.33"
"03 Nov 2020","-","-","-","894.53"
"02 Nov 2020","-","-","-","903.29"
"30 Oct 2020","-","-","-","900.30"
"29 Oct 2020","-","-","-","896.18"
"28 Oct 2020","-","-","-","900.22"
"27 Oct 2020","-","-","-","899.19"
"26 Oct 2020","-","-","-","893.56"
"23 Oct 2020","-","-","-","892.05"
"22 Oct 2020","-","-","-","889.34"
"21 Oct 2020","-","-","-","893.67"
"20 Oct 2020","-","-","-","885.64"
"19 Oct 2020","-","-","-","884.84"
"16 Oct 2020","-","-","-","878.93"
"15 Oct 2020","-","-","-","882.43"
"14 Oct 2020","-","-","-","882.34"
"13 Oct 2020","-","-","-","878.56"
"12 Oct 2020","-","-","-","872.22"
"09 Oct 2020","-","-","-","875.84"
"08 Oct 2020","-","-","-","875.69"
"07 Oct 2020","-","-","-","875.43"
"06 Oct 2020","-","-","-","878.26"
"05 Oct 2020","-","-","-","879.19"
"01 Oct 2020","-","-","-","875.30"
"30 Sep 2020","-","-","-","873.44"
"29 Sep 2020","-","-","-","874.32"
"28 Sep 2020","-","-","-","876.64"
"25 Sep 2020","-","-","-","869.22"
"24 Sep 2020","-","-","-","867.80"
"23 Sep 2020","-","-","-","879.37"
"22 Sep 2020","-","-","-","876.34"
"21 Sep 2020","-","-","-","880.49"
"18 Sep 2020","-","-","-","877.60"
"17 Sep 2020","-","-","-","879.23"
"16 Sep 2020","-","-","-","892.10"
"15 Sep 2020","-","-","-","893.95"
"14 Sep 2020","-","-","-","891.46"
"11 Sep 2020","-","-","-","890.43"
"10 Sep 2020","-","-","-","886.23"
"09 Sep 2020","-","-","-","888.29"
"08 Sep 2020","-","-","-","878.51"
"07 Sep 2020","-","-","-","888.92"
"04 Sep 2020","-","-","-","889.77"
"03 Sep 2020","-","-","-","889.83"
"02 Sep 2020","-","-","-","887.75"
"01 Sep 2020","-","-","-","884.36"
"31 Aug 2020","-","-","-","891.40"
"28 Aug 2020","-","-","-","893.22"
"27 Aug 2020","-","-","-","896.41"
"26 Aug 2020","-","-","-","892.82"
"25 Aug 2020","-","-","-","890.09"
"24 Aug 2020","-","-","-","890.76"
"21 Aug 2020","-","-","-","904.84"
"20 Aug 2020","-","-","-","899.67"
"19 Aug 2020","-","-","-","897.03"
"18 Aug 2020","-","-","-","902.47"
"17 Aug 2020","-","-","-","902.23"
"14 Aug 2020","-","-","-","904.75"
"13 Aug 2020","-","-","-","900.00"
"12 Aug 2020","-","-","-","913.37"
"11 Aug 2020","-","-","-","916.67"
"10 Aug 2020","-","-","-","927.09"
"07 Aug 2020","-","-","-","943.93"
"06 Aug 2020","-","-","-","948.16"
"05 Aug 2020","-","-","-","941.15"
"04 Aug 2020","-","-","-","920.37"
"03 Aug 2020","-","-","-","929.31"
"31 Jul 2020","-","-","-","942.66"
"30 Jul 2020","-","-","-","944.78"
"29 Jul 2020","-","-","-","946.13"
"28 Jul 2020","-","-","-","956.26"
"27 Jul 2020","-","-","-","955.08"
"24 Jul 2020","-","-","-","947.14"
"23 Jul 2020","-","-","-","934.34"
"22 Jul 2020","-","-","-","926.34"
"21 Jul 2020","-","-","-","917.95"
"20 Jul 2020","-","-","-","914.83"
"17 Jul 2020","-","-","-","910.72"
"16 Jul 2020","-","-","-","899.96"
"15 Jul 2020","-","-","-","894.10"
"14 Jul 2020","-","-","-","890.55"
"13 Jul 2020","-","-","-","891.76"
"10 Jul 2020","-","-","-","887.52"
"09 Jul 2020","-","-","-","906.53"
"08 Jul 2020","-","-","-","911.62"
"07 Jul 2020","-","-","-","912.75"
"06 Jul 2020","-","-","-","901.86"
"03 Jul 2020","-","-","-","890.83"
"02 Jul 2020","-","-","-","889.01"
"01 Jul 2020","-","-","-","885.68"
"30 Jun 2020","-","-","-","884.18"
"29 Jun 2020","-","-","-","884.64"
"26 Jun 2020","-","-","-","880.46"
"25 Jun 2020","-","-","-","886.56"
"24 Jun 2020","-","-","-","881.33"
"23 Jun 2020","-","-","-","888.77"
"22 Jun 2020","-","-","-","891.24"
"19 Jun 2020","-","-","-","889.60"
"18 Jun 2020","-","-","-","883.91"
"17 Jun 2020","-","-","-","881.81"
"16 Jun 2020","-","-","-","866.97"
"15 Jun 2020","-","-","-","861.00"
"12 Jun 2020","-","-","-","860.20"
"11 Jun 2020","-","-","-","863.33"
"10 Jun 2020","-","-","-","870.86"
"09 Jun 2020","-","-","-","879.89"
"08 Jun 2020","-","-","-","867.42"
"05 Jun 2020","-","-","-","877.12"
"04 Jun 2020","-","-","-","877.91"
"03 Jun 2020","-","-","-","868.20"
"02 Jun 2020","-","-","-","853.41"
"01 Jun 2020","-","-","-","840.58"
"29 May 2020","-","-","-","840.68"
"28 May 2020","-","-","-","842.24"
"27 May 2020","-","-","-","841.39"
"26 May 2020","-","-","-","838.72"
"22 May 2020","-","-","-","844.70"
"21 May 2020","-","-","-","835.55"
"20 May 2020","-","-","-","829.33"
"19 May 2020","-","-","-","832.95"
"18 May 2020","-","-","-","830.03"
"15 May 2020","-","-","-","832.15"
"14 May 2020","-","-","-","823.94"
"13 May 2020","-","-","-","836.71"
"12 May 2020","-","-","-","842.46"
"11 May 2020","-","-","-","844.93"
"08 May 2020","-","-","-","851.14"
"07 May 2020","-","-","-","849.72"
"06 May 2020","-","-","-","855.43"
"05 May 2020","-","-","-","858.43"
"04 May 2020","-","-","-","854.51"
"30 Apr 2020","-","-","-","860.01"
"29 Apr 2020","-","-","-","863.59"
"28 Apr 2020","-","-","-","865.85"
"27 Apr 2020","-","-","-","858.05"
"24 Apr 2020","-","-","-","853.68"
"23 Apr 2020","-","-","-","856.12"
"22 Apr 2020","-","-","-","848.05"
"21 Apr 2020","-","-","-","840.06"
"20 Apr 2020","-","-","-","856.35"
"17 Apr 2020","-","-","-","822.02"
"16 Apr 2020","-","-","-","805.02"
"15 Apr 2020","-","-","-","804.58"
"13 Apr 2020","-","-","-","770.70"
"09 Apr 2020","-","-","-","772.70"
"08 Apr 2020","-","-","-","765.78"
"07 Apr 2020","-","-","-","772.79"
"03 Apr 2020","-","-","-","753.29"
"01 Apr 2020","-","-","-","760.36"
"31 Mar 2020","-","-","-","762.27"
"30 Mar 2020","-","-","-","775.26"
"27 Mar 2020","-","-","-","792.44"
"26 Mar 2020","-","-","-","801.67"
"25 Mar 2020","-","-","-","745.12"
"24 Mar 2020","-","-","-","737.51"
"23 Mar 2020","-","-","-","757.56"
"20 Mar 2020","-","-","-","841.24"
"19 Mar 2020","-","-","-","840.06"
"18 Mar 2020","-","-","-","874.01"
"17 Mar 2020","-","-","-","895.12"
"16 Mar 2020","-","-","-","913.20"
"13 Mar 2020","-","-","-","923.46"
"12 Mar 2020","-","-","-","956.63"
"11 Mar 2020","-","-","-","1005.03"
"09 Mar 2020","-","-","-","996.01"
"06 Mar 2020","-","-","-","1019.03"
"05 Mar 2020","-","-","-","1030.16"
"04 Mar 2020","-","-","-","1021.57"
"03 Mar 2020","-","-","-","1023.51"
"02 Mar 2020","-","-","-","1017.47"
"28 Feb 2020","-","-","-","1004.97"
"27 Feb 2020","-","-","-","998.53"
"26 Feb 2020","-","-","-","1002.55"
"25 Feb 2020","-","-","-","991.24"
"24 Feb 2020","-","-","-","987.18"
"20 Feb 2020","-","-","-","997.66"
"19 Feb 2020","-","-","-","1002.88"
"18 Feb 2020","-","-","-","997.53"
"17 Feb 2020","-","-","-","1008.04"
"14 Feb 2020","-","-","-","1015.81"
"13 Feb 2020","-","-","-","1019.00"
"12 Feb 2020","-","-","-","1016.12"
"11 Feb 2020","-","-","-","1027.05"
"10 Feb 2020","-","-","-","1021.09"
"07 Feb 2020","-","-","-","1023.20"
"06 Feb 2020","-","-","-","1019.59"
"05 Feb 2020","-","-","-","1000.49"
"04 Feb 2020","-","-","-","1000.10"
"03 Feb 2020","-","-","-","991.08"
"01 Feb 2020","-","-","-","994.71"
"31 Jan 2020","-","-","-","1007.30"
"30 Jan 2020","-","-","-","1009.25"
"29 Jan 2020","-","-","-","1008.97"
"28 Jan 2020","-","-","-","1012.40"
"27 Jan 2020","-","-","-","1007.04"
"24 Jan 2020","-","-","-","1029.25"
"23 Jan 2020","-","-","-","1028.07"
"22 Jan 2020","-","-","-","1025.40"
"21 Jan 2020","-","-","-","1020.60"
"20 Jan 2020","-","-","-","1019.45"
"17 Jan 2020","-","-","-","1018.61"
"16 Jan 2020","-","-","-","999.97"
"15 Jan 2020","-","-","-","1006.73"
"14 Jan 2020","-","-","-","1014.31"
"13 Jan 2020","-","-","-","1025.38"
"10 Jan 2020","-","-","-","1025.53"
"09 Jan 2020","-","-","-","1028.45"
"08 Jan 2020","-","-","-","1029.96"
"07 Jan 2020","-","-","-","1032.44"
"06 Jan 2020","-","-","-","1034.56"
"03 Jan 2020","-","-","-","1035.77"
"02 Jan 2020","-","-","-","1031.81"
"01 Jan 2020","-","-","-","1035.39"
"31 Dec 2019","-","-","-","1028.76"
"30 Dec 2019","-","-","-","1025.97"
"27 Dec 2019","-","-","-","1023.06"
"26 Dec 2019","-","-","-","1018.17"
"24 Dec 2019","-","-","-","1012.24"
"23 Dec 2019","-","-","-","1014.68"
"20 Dec 2019","-","-","-","1014.11"
"19 Dec 2019","-","-","-","1011.70"
"18 Dec 2019","-","-","-","1015.74"
"17 Dec 2019","-","-","-","1014.38"
"16 Dec 2019","-","-","-","1013.67"
"13 Dec 2019","-","-","-","1015.86"
"12 Dec 2019","-","-","-","1011.23"
"11 Dec 2019","-","-","-","1011.82"
"10 Dec 2019","-","-","-","1011.80"
"09 Dec 2019","-","-","-","1013.02"
"06 Dec 2019","-","-","-","1014.81"
"05 Dec 2019","-","-","-","1012.88"
"04 Dec 2019","-","-","-","1018.32"
"03 Dec 2019","-","-","-","1024.56"
"02 Dec 2019","-","-","-","1033.12"
"29 Nov 2019","-","-","-","1036.68"
"28 Nov 2019","-","-","-","1036.37"
"27 Nov 2019","-","-","-","1033.75"
"26 Nov 2019","-","-","-","1039.95"
"25 Nov 2019","-","-","-","1039.21"
"22 Nov 2019","-","-","-","1027.50"
"21 Nov 2019","-","-","-","1024.97"
"20 Nov 2019","-","-","-","1018.27"
"19 Nov 2019","-","-","-","1015.36"
"18 Nov 2019","-","-","-","1009.05"
"15 Nov 2019","-","-","-","1007.38"
"14 Nov 2019","-","-","-","1007.24"
"13 Nov 2019","-","-","-","997.13"
"11 Nov 2019","-","-","-","991.96"
"08 Nov 2019","-","-","-","980.45"
"07 Nov 2019","-","-","-","991.00"
"06 Nov 2019","-","-","-","987.50"
"05 Nov 2019","-","-","-","986.97"
"04 Nov 2019","-","-","-","996.07"
"01 Nov 2019","-","-","-","1008.77"
"31 Oct 2019","-","-","-","1003.04"
"30 Oct 2019","-","-","-","1008.77"
"29 Oct 2019","-","-","-","1030.61"
"27 Oct 2019","-","-","-","1035.17"
"25 Oct 2019","-","-","-","1025.78"
"24 Oct 2019","-","-","-","1022.28"
"23 Oct 2019","-","-","-","1024.58"
"22 Oct 2019","-","-","-","1026.33"
"18 Oct 2019","-","-","-","1029.37"
"17 Oct 2019","-","-","-","1031.82"
"16 Oct 2019","-","-","-","1041.61"
"15 Oct 2019","-","-","-","1047.70"
"14 Oct 2019","-","-","-","1048.66"
"11 Oct 2019","-","-","-","1048.22"
"10 Oct 2019","-","-","-","1045.38"
"09 Oct 2019","-","-","-","1044.60"
"07 Oct 2019","-","-","-","1054.09"
"04 Oct 2019","-","-","-","1043.01"
"03 Oct 2019","-","-","-","1040.33"
"01 Oct 2019","-","-","-","1037.67"
"30 Sep 2019","-","-","-","1036.66"
"27 Sep 2019","-","-","-","1023.93"
"26 Sep 2019","-","-","-","1024.20"
"25 Sep 2019","-","-","-","1025.49"
"24 Sep 2019","-","-","-","1027.15"
"23 Sep 2019","-","-","-","1018.98"
"20 Sep 2019","-","-","-","1013.83"
"19 Sep 2019","-","-","-","1025.94"
"18 Sep 2019","-","-","-","1025.81"
"17 Sep 2019","-","-","-","1023.15"
"16 Sep 2019","-","-","-","1028.89"
"13 Sep 2019","-","-","-","1032.36"
"12 Sep 2019","-","-","-","1029.06"
"11 Sep 2019","-","-","-","1029.59"
"09 Sep 2019","-","-","-","1036.25"
"06 Sep 2019","-","-","-","1035.37"
"05 Sep 2019","-","-","-","1026.18"
"04 Sep 2019","-","-","-","1020.38"
"03 Sep 2019","-","-","-","1015.31"
"30 Aug 2019","-","-","-","1016.98"
"29 Aug 2019","-","-","-","1009.21"
"28 Aug 2019","-","-","-","1010.81"
"27 Aug 2019","-","-","-","1021.47"
"26 Aug 2019","-","-","-","1024.87"
"23 Aug 2019","-","-","-","1012.52"
"22 Aug 2019","-","-","-","1016.22"
"21 Aug 2019","-","-","-","1015.48"
"20 Aug 2019","-","-","-","1015.97"
"19 Aug 2019","-","-","-","1008.64"
"16 Aug 2019","-","-","-","1016.93"
"14 Aug 2019","-","-","-","1013.13"
"13 Aug 2019","-","-","-","1009.26"
"09 Aug 2019","-","-","-","997.26"
"08 Aug 2019","-","-","-","1004.43"
"07 Aug 2019","-","-","-","1007.77"
"06 Aug 2019","-","-","-","1007.51"
"05 Aug 2019","-","-","-","1013.30"
"02 Aug 2019","-","-","-","1016.97"
"01 Aug 2019","-","-","-","1023.50"
"31 Jul 2019","-","-","-","1027.18"
"30 Jul 2019","-","-","-","1015.17"
"29 Jul 2019","-","-","-","1025.27"
"26 Jul 2019","-","-","-","1025.98"
"25 Jul 2019","-","-","-","1027.68"
"24 Jul 2019","-","-","-","1029.16"
"23 Jul 2019","-","-","-","1022.51"
"22 Jul 2019","-","-","-","1028.94"
"19 Jul 2019","-","-","-","1023.37"
"18 Jul 2019","-","-","-","1028.21"
"17 Jul 2019","-","-","-","1030.00"
"16 Jul 2019","-","-","-","1030.34"
"15 Jul 2019","-","-","-","1023.69"
"12 Jul 2019","-","-","-","1021.03"
"11 Jul 2019","-","-","-","1019.05"
"10 Jul 2019","-","-","-","1025.15"
"09 Jul 2019","-","-","-","1021.28"
"08 Jul 2019","-","-","-","1017.23"
"05 Jul 2019","-","-","-","1014.88"
"04 Jul 2019","-","-","-","1015.43"
"03 Jul 2019","-","-","-","1009.49"
"02 Jul 2019","-","-","-","1007.42"
"01 Jul 2019","-","-","-","1000.00"